iso3,country,year,production_1000_tonnes,import_1000_tonnes,export_1000_tonnes,fbs_cereal_ssr_candidate_pct,production_flag,import_flag,export_flag,source_url,accessed_at_utc,wdi_cereal_production_metric_tonnes,wdi_population_persons,wdi_lastupdated,wdi_accessed_at_utc,legacy_category,wdi_cereal_production_tonnes_per_person,ssr_percentile_rank,production_per_person_percentile_rank,ssr_annual_minmax,production_per_person_annual_minmax,capacity_v2_rank_50_50,capacity_v2_rank_legacy_56_44,capacity_v2_minmax_50_50,annual_rank_capacity_v2_50_50
ARG,Argentina,2010,40028.0,339.0,26729.0,293.503446253116,Estimated value,Estimated value,Estimated value,https://api.data.apps.fao.org/api/v2/bigquery?download=true&item_code=2905&sql_url=https%3A%2F%2Fdata.apps.fao.org%2Fcatalog%2Fdataset%2F5c00a4e6-0ec8-4191-a0c0-a7cd5fda3674%2Fresource%2F91b9d43c-55c4-4a2a-9b25-78f2fabba28b%2Fdownload%2Ffct-fbs-food-balances.query.sql,2026-08-28T13:34:11+00:00,46628492.0,41288694.0,2026-07-13,2026-08-28T11:25:50+00:00,category_1,1.129328333804891,1.0,0.9655172413793104,1.0,0.8671487411383576,0.9827586206896552,0.9847870182555781,0.9335743705691788,1.0
ARG,Argentina,2011,51431.0,331.0,31926.0,259.281105061504,Estimated value,Estimated value,Estimated value,https://api.data.apps.fao.org/api/v2/bigquery?download=true&item_code=2905&sql_url=https%3A%2F%2Fdata.apps.fao.org%2Fcatalog%2Fdataset%2F5c00a4e6-0ec8-4191-a0c0-a7cd5fda3674%2Fresource%2F91b9d43c-55c4-4a2a-9b25-78f2fabba28b%2Fdownload%2Ffct-fbs-food-balances.query.sql,2026-08-28T13:34:11+00:00,49349166.0,41730660.0,2026-07-13,2026-08-28T11:25:50+00:00,category_1,1.1825637552820876,1.0,0.9655172413793104,1.0,0.9551288038956737,0.9827586206896552,0.9847870182555781,0.9775644019478369,1.0
ARG,Argentina,2012,47746.0,279.0,38977.0,527.696728558798,Estimated value,Estimated value,Estimated value,https://api.data.apps.fao.org/api/v2/bigquery?download=true&item_code=2905&sql_url=https%3A%2F%2Fdata.apps.fao.org%2Fcatalog%2Fdataset%2F5c00a4e6-0ec8-4191-a0c0-a7cd5fda3674%2Fresource%2F91b9d43c-55c4-4a2a-9b25-78f2fabba28b%2Fdownload%2Ffct-fbs-food-balances.query.sql,2026-08-28T13:34:11+00:00,40712638.0,42161721.0,2026-07-13,2026-08-28T11:25:50+00:00,category_1,0.9656303640925853,1.0,0.9310344827586207,1.0,0.8472592980152435,0.9655172413793103,0.9695740365111563,0.9236296490076217,2.0
ARG,Argentina,2013,50886.0,294.0,30354.0,244.338807260156,Estimated value,Estimated value,Estimated value,https://api.data.apps.fao.org/api/v2/bigquery?download=true&item_code=2905&sql_url=https%3A%2F%2Fdata.apps.fao.org%2Fcatalog%2Fdataset%2F5c00a4e6-0ec8-4191-a0c0-a7cd5fda3674%2Fresource%2F91b9d43c-55c4-4a2a-9b25-78f2fabba28b%2Fdownload%2Ffct-fbs-food-balances.query.sql,2026-08-28T13:34:11+00:00,51796533.0,42582455.0,2026-07-13,2026-08-28T11:25:50+00:00,category_1,1.216382028701727,1.0,0.9655172413793104,1.0,0.8838712958353792,0.9827586206896552,0.9847870182555781,0.9419356479176896,1.0
ARG,Argentina,2014,51089.0,259.0,24021.0,186.954294287701,Estimated value,Estimated value,Estimated value,https://api.data.apps.fao.org/api/v2/bigquery?download=true&item_code=2905&sql_url=https%3A%2F%2Fdata.apps.fao.org%2Fcatalog%2Fdataset%2F5c00a4e6-0ec8-4191-a0c0-a7cd5fda3674%2Fresource%2F91b9d43c-55c4-4a2a-9b25-78f2fabba28b%2Fdownload%2Ffct-fbs-food-balances.query.sql,2026-08-28T13:34:11+00:00,55535814.58,43024071.0,2026-07-13,2026-08-28T11:25:50+00:00,category_1,1.290807989323,1.0,0.9655172413793104,1.0,0.9285301983827318,0.9827586206896552,0.9847870182555781,0.9642650991913659,1.0
ARG,Argentina,2015,56231.0,216.0,26012.0,184.757680302284,Estimated value,Estimated value,Estimated value,https://api.data.apps.fao.org/api/v2/bigquery?download=true&item_code=2905&sql_url=https%3A%2F%2Fdata.apps.fao.org%2Fcatalog%2Fdataset%2F5c00a4e6-0ec8-4191-a0c0-a7cd5fda3674%2Fresource%2F91b9d43c-55c4-4a2a-9b25-78f2fabba28b%2Fdownload%2Ffct-fbs-food-balances.query.sql,2026-08-28T13:34:11+00:00,53364962.03,43477012.0,2026-07-13,2026-08-28T11:25:50+00:00,category_1,1.227429383371608,0.9655172413793104,0.9655172413793104,0.9835940335321094,0.9121165093010963,0.9655172413793104,0.9655172413793104,0.9478552714166029,1.0
ARG,Argentina,2016,61223.0,233.0,41026.0,299.672050905531,Estimated value,Estimated value,Estimated value,https://api.data.apps.fao.org/api/v2/bigquery?download=true&item_code=2905&sql_url=https%3A%2F%2Fdata.apps.fao.org%2Fcatalog%2Fdataset%2F5c00a4e6-0ec8-4191-a0c0-a7cd5fda3674%2Fresource%2F91b9d43c-55c4-4a2a-9b25-78f2fabba28b%2Fdownload%2Ffct-fbs-food-balances.query.sql,2026-08-28T13:34:11+00:00,68228186.97,43900313.0,2026-07-13,2026-08-28T11:25:50+00:00,category_1,1.554161742992584,1.0,1.0,1.0,1.0,1.0,1.0,1.0,1.0
ARG,Argentina,2017,76518.0,292.0,42283.0,221.617864280129,Estimated value,Estimated value,Estimated value,https://api.data.apps.fao.org/api/v2/bigquery?download=true&item_code=2905&sql_url=https%3A%2F%2Fdata.apps.fao.org%2Fcatalog%2Fdataset%2F5c00a4e6-0ec8-4191-a0c0-a7cd5fda3674%2Fresource%2F91b9d43c-55c4-4a2a-9b25-78f2fabba28b%2Fdownload%2Ffct-fbs-food-balances.query.sql,2026-08-28T13:34:11+00:00,76520391.56,44288894.0,2026-07-13,2026-08-28T11:25:50+00:00,category_1,1.7277557565560342,1.0,1.0,1.0,1.0,1.0,1.0,1.0,1.0
ARG,Argentina,2018,70700.0,269.0,39822.0,226.98815295213,Estimated value,Estimated value,Estimated value,https://api.data.apps.fao.org/api/v2/bigquery?download=true&item_code=2905&sql_url=https%3A%2F%2Fdata.apps.fao.org%2Fcatalog%2Fdataset%2F5c00a4e6-0ec8-4191-a0c0-a7cd5fda3674%2Fresource%2F91b9d43c-55c4-4a2a-9b25-78f2fabba28b%2Fdownload%2Ffct-fbs-food-balances.query.sql,2026-08-28T13:34:11+00:00,71533692.0,44654882.0,2026-07-13,2026-08-28T11:25:50+00:00,category_1,1.6019232118897997,1.0,1.0,1.0,1.0,1.0,1.0,1.0,1.0
ARG,Argentina,2019,83728.0,288.0,51908.0,260.76990158216,Estimated value,Estimated value,Estimated value,https://api.data.apps.fao.org/api/v2/bigquery?download=true&item_code=2905&sql_url=https%3A%2F%2Fdata.apps.fao.org%2Fcatalog%2Fdataset%2F5c00a4e6-0ec8-4191-a0c0-a7cd5fda3674%2Fresource%2F91b9d43c-55c4-4a2a-9b25-78f2fabba28b%2Fdownload%2Ffct-fbs-food-balances.query.sql,2026-08-28T13:34:11+00:00,83934093.63,44973465.0,2026-07-13,2026-08-28T11:25:50+00:00,category_1,1.8663025770862884,1.0,1.0,1.0,1.0,1.0,1.0,1.0,1.0
ARG,Argentina,2020,86684.0,233.0,52092.0,248.913137114142,Estimated value,Estimated value,Estimated value,https://api.data.apps.fao.org/api/v2/bigquery?download=true&item_code=2905&sql_url=https%3A%2F%2Fdata.apps.fao.org%2Fcatalog%2Fdataset%2F5c00a4e6-0ec8-4191-a0c0-a7cd5fda3674%2Fresource%2F91b9d43c-55c4-4a2a-9b25-78f2fabba28b%2Fdownload%2Ffct-fbs-food-balances.query.sql,2026-08-28T13:34:11+00:00,83569977.83,45191965.0,2026-07-13,2026-08-28T11:25:50+00:00,category_1,1.8492220426794896,1.0,1.0,1.0,1.0,1.0,1.0,1.0,1.0
ARG,Argentina,2021,88237.0,224.0,53367.0,251.430443950533,Estimated value,Estimated value,Estimated value,https://api.data.apps.fao.org/api/v2/bigquery?download=true&item_code=2905&sql_url=https%3A%2F%2Fdata.apps.fao.org%2Fcatalog%2Fdataset%2F5c00a4e6-0ec8-4191-a0c0-a7cd5fda3674%2Fresource%2F91b9d43c-55c4-4a2a-9b25-78f2fabba28b%2Fdownload%2Ffct-fbs-food-balances.query.sql,2026-08-28T13:34:11+00:00,92198347.34,45312281.0,2026-07-13,2026-08-28T11:25:50+00:00,category_1,2.0347319822632635,1.0,1.0,1.0,1.0,1.0,1.0,1.0,1.0
ARG,Argentina,2022,92104.0,195.0,56475.0,257.101384546673,Estimated value,Estimated value,Estimated value,https://api.data.apps.fao.org/api/v2/bigquery?download=true&item_code=2905&sql_url=https%3A%2F%2Fdata.apps.fao.org%2Fcatalog%2Fdataset%2F5c00a4e6-0ec8-4191-a0c0-a7cd5fda3674%2Fresource%2F91b9d43c-55c4-4a2a-9b25-78f2fabba28b%2Fdownload%2Ffct-fbs-food-balances.query.sql,2026-08-28T13:34:11+00:00,81989897.27,45407904.0,2026-07-13,2026-08-28T11:25:50+00:00,category_1,1.8056305190831974,1.0,1.0,1.0,1.0,1.0,1.0,1.0,1.0
ARG,Argentina,2023,62554.0,173.0,32254.0,205.276802415253,Estimated value,Estimated value,Estimated value,https://api.data.apps.fao.org/api/v2/bigquery?download=true&item_code=2905&sql_url=https%3A%2F%2Fdata.apps.fao.org%2Fcatalog%2Fdataset%2F5c00a4e6-0ec8-4191-a0c0-a7cd5fda3674%2Fresource%2F91b9d43c-55c4-4a2a-9b25-78f2fabba28b%2Fdownload%2Ffct-fbs-food-balances.query.sql,2026-08-28T13:34:11+00:00,65403921.54,45538401.0,2026-07-13,2026-08-28T11:25:50+00:00,category_1,1.436236672868685,1.0,1.0,1.0,1.0,1.0,1.0,1.0,1.0
BGD,Bangladesh,2010,51873.0,5144.0,15.0,91.0020701028034,Estimated value,Estimated value,Estimated value,https://api.data.apps.fao.org/api/v2/bigquery?download=true&item_code=2905&sql_url=https%3A%2F%2Fdata.apps.fao.org%2Fcatalog%2Fdataset%2F5c00a4e6-0ec8-4191-a0c0-a7cd5fda3674%2Fresource%2F91b9d43c-55c4-4a2a-9b25-78f2fabba28b%2Fdownload%2Ffct-fbs-food-balances.query.sql,2026-08-28T13:34:11+00:00,51282598.09,152201981.0,2026-07-13,2026-08-28T11:25:50+00:00,category_3,0.3369377832868023,0.5172413793103449,0.6206896551724138,0.24031319186627018,0.23764877019091385,0.5689655172413793,0.5628803245436105,0.238980981028592,12.0
BGD,Bangladesh,2011,52639.0,5774.0,13.0,90.1352739726027,Estimated value,Estimated value,Estimated value,https://api.data.apps.fao.org/api/v2/bigquery?download=true&item_code=2905&sql_url=https%3A%2F%2Fdata.apps.fao.org%2Fcatalog%2Fdataset%2F5c00a4e6-0ec8-4191-a0c0-a7cd5fda3674%2Fresource%2F91b9d43c-55c4-4a2a-9b25-78f2fabba28b%2Fdownload%2Ffct-fbs-food-balances.query.sql,2026-08-28T13:34:11+00:00,52627376.6,153591076.0,2026-07-13,2026-08-28T11:25:50+00:00,category_3,0.342646057118579,0.5517241379310345,0.6206896551724138,0.2732333331178069,0.25453314848517195,0.5862068965517242,0.5821501014198782,0.2638832408014894,11.5
BGD,Bangladesh,2012,52812.0,2505.0,14.0,95.4957235593006,Estimated value,Estimated value,Estimated value,https://api.data.apps.fao.org/api/v2/bigquery?download=true&item_code=2905&sql_url=https%3A%2F%2Fdata.apps.fao.org%2Fcatalog%2Fdataset%2F5c00a4e6-0ec8-4191-a0c0-a7cd5fda3674%2Fresource%2F91b9d43c-55c4-4a2a-9b25-78f2fabba28b%2Fdownload%2Ffct-fbs-food-balances.query.sql,2026-08-28T13:34:11+00:00,53030386.64,155070101.0,2026-07-13,2026-08-28T11:25:50+00:00,category_3,0.34197686270933686,0.5862068965517241,0.6206896551724138,0.1412886508302242,0.2788068956886692,0.603448275862069,0.601419878296146,0.21004777325944668,11.0
BGD,Bangladesh,2013,54368.0,3801.0,15.0,93.489699762699,Estimated value,Estimated value,Estimated value,https://api.data.apps.fao.org/api/v2/bigquery?download=true&item_code=2905&sql_url=https%3A%2F%2Fdata.apps.fao.org%2Fcatalog%2Fdataset%2F5c00a4e6-0ec8-4191-a0c0-a7cd5fda3674%2Fresource%2F91b9d43c-55c4-4a2a-9b25-78f2fabba28b%2Fdownload%2Ffct-fbs-food-balances.query.sql,2026-08-28T13:34:11+00:00,54019096.56,156532141.0,2026-07-13,2026-08-28T11:25:50+00:00,category_3,0.3450990717618818,0.5517241379310345,0.6206896551724138,0.3100820472828749,0.2305015690525065,0.5862068965517242,0.5821501014198782,0.2702918081676907,11.0
BGD,Bangladesh,2014,55253.0,4988.0,32.0,91.768672457606,Estimated value,Estimated value,Estimated value,https://api.data.apps.fao.org/api/v2/bigquery?download=true&item_code=2905&sql_url=https%3A%2F%2Fdata.apps.fao.org%2Fcatalog%2Fdataset%2F5c00a4e6-0ec8-4191-a0c0-a7cd5fda3674%2Fresource%2F91b9d43c-55c4-4a2a-9b25-78f2fabba28b%2Fdownload%2Ffct-fbs-food-balances.query.sql,2026-08-28T13:34:11+00:00,55227209.27,157964929.0,2026-07-13,2026-08-28T11:25:50+00:00,category_3,0.3496169030658698,0.5172413793103449,0.5862068965517241,0.43058146004188647,0.23011728959861025,0.5517241379310345,0.5476673427991886,0.33034937482024834,11.0
BGD,Bangladesh,2015,55450.0,6076.0,43.0,90.1875315127759,Estimated value,Estimated value,Estimated value,https://api.data.apps.fao.org/api/v2/bigquery?download=true&item_code=2905&sql_url=https%3A%2F%2Fdata.apps.fao.org%2Fcatalog%2Fdataset%2F5c00a4e6-0ec8-4191-a0c0-a7cd5fda3674%2Fresource%2F91b9d43c-55c4-4a2a-9b25-78f2fabba28b%2Fdownload%2Ffct-fbs-food-balances.query.sql,2026-08-28T13:34:11+00:00,56084460.15,159383179.0,2026-07-13,2026-08-28T11:25:50+00:00,category_3,0.3518844366255237,0.5172413793103449,0.5862068965517241,0.3974201907927985,0.24041312097458034,0.5517241379310345,0.5476673427991886,0.31891665588368945,11.0
BGD,Bangladesh,2016,54274.0,6857.0,59.0,88.8688760806916,Estimated value,Estimated value,Estimated value,https://api.data.apps.fao.org/api/v2/bigquery?download=true&item_code=2905&sql_url=https%3A%2F%2Fdata.apps.fao.org%2Fcatalog%2Fdataset%2F5c00a4e6-0ec8-4191-a0c0-a7cd5fda3674%2Fresource%2F91b9d43c-55c4-4a2a-9b25-78f2fabba28b%2Fdownload%2Ffct-fbs-food-balances.query.sql,2026-08-28T13:34:11+00:00,55905547.11,160811932.0,2026-07-13,2026-08-28T11:25:50+00:00,category_3,0.3476455161921691,0.5517241379310345,0.6206896551724138,0.22923059794539163,0.20358528846334734,0.5862068965517242,0.5821501014198782,0.21640794320436949,10.0
BGD,Bangladesh,2017,58508.0,11141.0,46.0,84.0595951323937,Estimated value,Estimated value,Estimated value,https://api.data.apps.fao.org/api/v2/bigquery?download=true&item_code=2905&sql_url=https%3A%2F%2Fdata.apps.fao.org%2Fcatalog%2Fdataset%2F5c00a4e6-0ec8-4191-a0c0-a7cd5fda3674%2Fresource%2F91b9d43c-55c4-4a2a-9b25-78f2fabba28b%2Fdownload%2Ffct-fbs-food-balances.query.sql,2026-08-28T13:34:11+00:00,56427230.96,162186147.0,2026-07-13,2026-08-28T11:25:50+00:00,category_3,0.3479164651466811,0.4482758620689655,0.5862068965517241,0.29840032144196676,0.18257413391802094,0.5172413793103448,0.5091277890466531,0.24048722767999386,14.0
BGD,Bangladesh,2018,58824.0,8243.0,53.0,87.7786731130809,Estimated value,Estimated value,Estimated value,https://api.data.apps.fao.org/api/v2/bigquery?download=true&item_code=2905&sql_url=https%3A%2F%2Fdata.apps.fao.org%2Fcatalog%2Fdataset%2F5c00a4e6-0ec8-4191-a0c0-a7cd5fda3674%2Fresource%2F91b9d43c-55c4-4a2a-9b25-78f2fabba28b%2Fdownload%2Ffct-fbs-food-balances.query.sql,2026-08-28T13:34:11+00:00,59015234.3,163523103.0,2026-07-13,2026-08-28T11:25:50+00:00,category_3,0.36089844931575205,0.5517241379310345,0.6206896551724138,0.3100887120879697,0.20583580388436165,0.5862068965517242,0.5821501014198782,0.2579622579861657,11.0
BGD,Bangladesh,2019,59203.0,6158.0,150.0,90.7868304427167,Estimated value,Estimated value,Estimated value,https://api.data.apps.fao.org/api/v2/bigquery?download=true&item_code=2905&sql_url=https%3A%2F%2Fdata.apps.fao.org%2Fcatalog%2Fdataset%2F5c00a4e6-0ec8-4191-a0c0-a7cd5fda3674%2Fresource%2F91b9d43c-55c4-4a2a-9b25-78f2fabba28b%2Fdownload%2Ffct-fbs-food-balances.query.sql,2026-08-28T13:34:11+00:00,59383344.03,164913055.0,2026-07-13,2026-08-28T11:25:50+00:00,category_3,0.3600887997011516,0.5517241379310345,0.5862068965517241,0.28308980987958215,0.17595241786565063,0.5689655172413792,0.5669371196754563,0.2295211138726164,11.0
BGD,Bangladesh,2020,59984.0,10377.0,108.0,85.3828306264501,Estimated value,Estimated value,Estimated value,https://api.data.apps.fao.org/api/v2/bigquery?download=true&item_code=2905&sql_url=https%3A%2F%2Fdata.apps.fao.org%2Fcatalog%2Fdataset%2F5c00a4e6-0ec8-4191-a0c0-a7cd5fda3674%2Fresource%2F91b9d43c-55c4-4a2a-9b25-78f2fabba28b%2Fdownload%2Ffct-fbs-food-balances.query.sql,2026-08-28T13:34:11+00:00,61113280.33,166298024.0,2026-07-13,2026-08-28T11:25:50+00:00,category_3,0.367492522520893,0.5172413793103449,0.6206896551724138,0.2791853598480763,0.1815738922509957,0.5689655172413793,0.5628803245436105,0.230379626049536,12.0
BGD,Bangladesh,2021,61697.0,14437.0,114.0,81.1589055511707,Estimated value,Estimated value,Estimated value,https://api.data.apps.fao.org/api/v2/bigquery?download=true&item_code=2905&sql_url=https%3A%2F%2Fdata.apps.fao.org%2Fcatalog%2Fdataset%2F5c00a4e6-0ec8-4191-a0c0-a7cd5fda3674%2Fresource%2F91b9d43c-55c4-4a2a-9b25-78f2fabba28b%2Fdownload%2Ffct-fbs-food-balances.query.sql,2026-08-28T13:34:11+00:00,61986999.44,167658854.0,2026-07-13,2026-08-28T11:25:50+00:00,category_3,0.36972100167164446,0.41379310344827586,0.6206896551724138,0.25488895011302437,0.1656495342259249,0.5172413793103449,0.5050709939148073,0.21026924216947462,13.5
BGD,Bangladesh,2022,62653.0,12738.0,81.0,83.193467003054,Estimated value,Estimated value,Estimated value,https://api.data.apps.fao.org/api/v2/bigquery?download=true&item_code=2905&sql_url=https%3A%2F%2Fdata.apps.fao.org%2Fcatalog%2Fdataset%2F5c00a4e6-0ec8-4191-a0c0-a7cd5fda3674%2Fresource%2F91b9d43c-55c4-4a2a-9b25-78f2fabba28b%2Fdownload%2Ffct-fbs-food-balances.query.sql,2026-08-28T13:34:11+00:00,63136360.42,169384897.0,2026-07-13,2026-08-28T11:25:50+00:00,category_3,0.372739019465236,0.41379310344827586,0.6206896551724138,0.2604011239315419,0.1887260807296895,0.5172413793103449,0.5050709939148073,0.2245636023306157,13.0
BGD,Bangladesh,2023,64429.0,10978.0,70.0,85.5210587095318,Estimated value,Estimated value,Estimated value,https://api.data.apps.fao.org/api/v2/bigquery?download=true&item_code=2905&sql_url=https%3A%2F%2Fdata.apps.fao.org%2Fcatalog%2Fdataset%2F5c00a4e6-0ec8-4191-a0c0-a7cd5fda3674%2Fresource%2F91b9d43c-55c4-4a2a-9b25-78f2fabba28b%2Fdownload%2Ffct-fbs-food-balances.query.sql,2026-08-28T13:34:11+00:00,66313385.01,171466990.0,2026-07-13,2026-08-28T11:25:50+00:00,category_3,0.3867414072527896,0.5172413793103449,0.6206896551724138,0.3464420165837202,0.24846251495188243,0.5689655172413793,0.5628803245436105,0.2974522657678013,12.0
BRA,Brazil,2010,75181.0,10338.0,12976.0,103.636463890382,Estimated value,Estimated value,Estimated value,https://api.data.apps.fao.org/api/v2/bigquery?download=true&item_code=2905&sql_url=https%3A%2F%2Fdata.apps.fao.org%2Fcatalog%2Fdataset%2F5c00a4e6-0ec8-4191-a0c0-a7cd5fda3674%2Fresource%2F91b9d43c-55c4-4a2a-9b25-78f2fabba28b%2Fdownload%2Ffct-fbs-food-balances.query.sql,2026-08-28T13:34:11+00:00,75160152.06,193701929.0,2026-07-13,2026-08-28T11:25:50+00:00,category_1,0.3880196363971161,0.7241379310344828,0.6896551724137931,0.28771130081574064,0.27822980062831565,0.7068965517241379,0.7089249492900609,0.28297055072202815,9.0
BRA,Brazil,2011,77607.0,9798.0,13989.0,105.708564890487,Estimated value,Estimated value,Estimated value,https://api.data.apps.fao.org/api/v2/bigquery?download=true&item_code=2905&sql_url=https%3A%2F%2Fdata.apps.fao.org%2Fcatalog%2Fdataset%2F5c00a4e6-0ec8-4191-a0c0-a7cd5fda3674%2Fresource%2F91b9d43c-55c4-4a2a-9b25-78f2fabba28b%2Fdownload%2Ffct-fbs-food-balances.query.sql,2026-08-28T13:34:11+00:00,77586276.0,195284734.0,2026-07-13,2026-08-28T11:25:50+00:00,category_1,0.39729821379688596,0.7586206896551724,0.6896551724137931,0.34014688729715165,0.3001198334798511,0.7241379310344828,0.7281947261663286,0.3201333603885014,8.5
BRA,Brazil,2012,89930.0,10985.0,24068.0,117.024737465353,Estimated value,Estimated value,Estimated value,https://api.data.apps.fao.org/api/v2/bigquery?download=true&item_code=2905&sql_url=https%3A%2F%2Fdata.apps.fao.org%2Fcatalog%2Fdataset%2F5c00a4e6-0ec8-4191-a0c0-a7cd5fda3674%2Fresource%2F91b9d43c-55c4-4a2a-9b25-78f2fabba28b%2Fdownload%2Ffct-fbs-food-balances.query.sql,2026-08-28T13:34:11+00:00,89908244.0,196876111.0,2026-07-13,2026-08-28T11:25:50+00:00,category_1,0.45667421782828693,0.7586206896551724,0.7241379310344828,0.18406321258207073,0.3833521069530321,0.7413793103448276,0.7434077079107505,0.2837076597675514,9.0
BRA,Brazil,2013,100923.0,11411.0,29342.0,121.605696934644,Estimated value,Estimated value,Estimated value,https://api.data.apps.fao.org/api/v2/bigquery?download=true&item_code=2905&sql_url=https%3A%2F%2Fdata.apps.fao.org%2Fcatalog%2Fdataset%2F5c00a4e6-0ec8-4191-a0c0-a7cd5fda3674%2Fresource%2F91b9d43c-55c4-4a2a-9b25-78f2fabba28b%2Fdownload%2Ffct-fbs-food-balances.query.sql,2026-08-28T13:34:11+00:00,100901726.0,198478299.0,2026-07-13,2026-08-28T11:25:50+00:00,category_1,0.5083766160249086,0.8620689655172413,0.7241379310344828,0.43867234210974876,0.3529423945446062,0.7931034482758621,0.8012170385395537,0.39580736832717744,6.0
BRA,Brazil,2014,101423.0,9720.0,22545.0,114.475496060859,Estimated value,Estimated value,Estimated value,https://api.data.apps.fao.org/api/v2/bigquery?download=true&item_code=2905&sql_url=https%3A%2F%2Fdata.apps.fao.org%2Fcatalog%2Fdataset%2F5c00a4e6-0ec8-4191-a0c0-a7cd5fda3674%2Fresource%2F91b9d43c-55c4-4a2a-9b25-78f2fabba28b%2Fdownload%2Ffct-fbs-food-balances.query.sql,2026-08-28T13:34:11+00:00,101402184.0,200085127.0,2026-07-13,2026-08-28T11:25:50+00:00,category_1,0.5067952102206977,0.8275862068965517,0.7241379310344828,0.5664180086156833,0.34675179698043773,0.7758620689655172,0.781947261663286,0.4565849027980605,7.0
BRA,Brazil,2015,106053.0,8251.0,32432.0,129.53512800469,Estimated value,Estimated value,Estimated value,https://api.data.apps.fao.org/api/v2/bigquery?download=true&item_code=2905&sql_url=https%3A%2F%2Fdata.apps.fao.org%2Fcatalog%2Fdataset%2F5c00a4e6-0ec8-4191-a0c0-a7cd5fda3674%2Fresource%2F91b9d43c-55c4-4a2a-9b25-78f2fabba28b%2Fdownload%2Ffct-fbs-food-balances.query.sql,2026-08-28T13:34:11+00:00,106026684.77,201675532.0,2026-07-13,2026-08-28T11:25:50+00:00,category_1,0.5257290446616995,0.8620689655172413,0.7586206896551724,0.6413082689384465,0.37378378651741884,0.8103448275862069,0.8164300202839756,0.5075460277279327,5.5
BRA,Brazil,2016,84186.0,13555.0,23832.0,113.904937152444,Estimated value,Estimated value,Estimated value,https://api.data.apps.fao.org/api/v2/bigquery?download=true&item_code=2905&sql_url=https%3A%2F%2Fdata.apps.fao.org%2Fcatalog%2Fdataset%2F5c00a4e6-0ec8-4191-a0c0-a7cd5fda3674%2Fresource%2F91b9d43c-55c4-4a2a-9b25-78f2fabba28b%2Fdownload%2Ffct-fbs-food-balances.query.sql,2026-08-28T13:34:11+00:00,84166681.6,203218114.0,2026-07-13,2026-08-28T11:25:50+00:00,category_1,0.41416918966190186,0.7931034482758621,0.6551724137931034,0.3207711064700452,0.24749719867217693,0.7241379310344828,0.7322515212981744,0.2841341525711111,8.0
BRA,Brazil,2017,117996.0,11027.0,31184.0,120.602213841106,Estimated value,Estimated value,Estimated value,https://api.data.apps.fao.org/api/v2/bigquery?download=true&item_code=2905&sql_url=https%3A%2F%2Fdata.apps.fao.org%2Fcatalog%2Fdataset%2F5c00a4e6-0ec8-4191-a0c0-a7cd5fda3674%2Fresource%2F91b9d43c-55c4-4a2a-9b25-78f2fabba28b%2Fdownload%2Ffct-fbs-food-balances.query.sql,2026-08-28T13:34:11+00:00,117977043.93,204703445.0,2026-07-13,2026-08-28T11:25:50+00:00,category_1,0.5763315020418929,0.8275862068965517,0.8620689655172413,0.4847816251509152,0.3178887031744955,0.8448275862068966,0.8427991886409736,0.40133516416270537,6.0
BRA,Brazil,2018,103278.0,10980.0,25916.0,116.907020443277,Estimated value,Estimated value,Estimated value,https://api.data.apps.fao.org/api/v2/bigquery?download=true&item_code=2905&sql_url=https%3A%2F%2Fdata.apps.fao.org%2Fcatalog%2Fdataset%2F5c00a4e6-0ec8-4191-a0c0-a7cd5fda3674%2Fresource%2F91b9d43c-55c4-4a2a-9b25-78f2fabba28b%2Fdownload%2Ffct-fbs-food-balances.query.sql,2026-08-28T13:34:11+00:00,103259697.62,206107261.0,2026-07-13,2026-08-28T11:25:50+00:00,category_1,0.5009998052421841,0.7931034482758621,0.7586206896551724,0.4544465219480386,0.29549032493779404,0.7758620689655172,0.7778904665314401,0.3749684234429163,7.0
BRA,Brazil,2019,121220.0,12256.0,45195.0,137.311539289315,Estimated value,Estimated value,Estimated value,https://api.data.apps.fao.org/api/v2/bigquery?download=true&item_code=2905&sql_url=https%3A%2F%2Fdata.apps.fao.org%2Fcatalog%2Fdataset%2F5c00a4e6-0ec8-4191-a0c0-a7cd5fda3674%2Fresource%2F91b9d43c-55c4-4a2a-9b25-78f2fabba28b%2Fdownload%2Ffct-fbs-food-balances.query.sql,2026-08-28T13:34:11+00:00,121202029.78,207455459.0,2026-07-13,2026-08-28T11:25:50+00:00,category_1,0.5842315760897862,0.896551724137931,0.8620689655172413,0.4793095724767077,0.29858063685365543,0.8793103448275862,0.8813387423935091,0.38894510466518156,5.0
BRA,Brazil,2020,125593.0,11863.0,37501.0,125.649542294032,Estimated value,Estimated value,Estimated value,https://api.data.apps.fao.org/api/v2/bigquery?download=true&item_code=2905&sql_url=https%3A%2F%2Fdata.apps.fao.org%2Fcatalog%2Fdataset%2F5c00a4e6-0ec8-4191-a0c0-a7cd5fda3674%2Fresource%2F91b9d43c-55c4-4a2a-9b25-78f2fabba28b%2Fdownload%2Ffct-fbs-food-balances.query.sql,2026-08-28T13:34:11+00:00,125585148.34,208660842.0,2026-07-13,2026-08-28T11:25:50+00:00,category_1,0.6018625590516883,0.896551724137931,0.8620689655172413,0.45667438866582555,0.31102704423406474,0.8793103448275862,0.8813387423935091,0.3838507164499452,5.0
BRA,Brazil,2021,112068.0,13935.0,23286.0,109.103653728205,Estimated value,Estimated value,Estimated value,https://api.data.apps.fao.org/api/v2/bigquery?download=true&item_code=2905&sql_url=https%3A%2F%2Fdata.apps.fao.org%2Fcatalog%2Fdataset%2F5c00a4e6-0ec8-4191-a0c0-a7cd5fda3674%2Fresource%2F91b9d43c-55c4-4a2a-9b25-78f2fabba28b%2Fdownload%2Ffct-fbs-food-balances.query.sql,2026-08-28T13:34:11+00:00,111985318.13,209550294.0,2026-07-13,2026-08-28T11:25:50+00:00,category_1,0.534407831133847,0.7931034482758621,0.8275862068965517,0.37717562731553184,0.24817543613908857,0.8103448275862069,0.808316430020284,0.3126755317273102,6.0
BRA,Brazil,2022,135758.0,13051.0,49460.0,136.647575717924,Estimated value,Estimated value,Estimated value,https://api.data.apps.fao.org/api/v2/bigquery?download=true&item_code=2905&sql_url=https%3A%2F%2Fdata.apps.fao.org%2Fcatalog%2Fdataset%2F5c00a4e6-0ec8-4191-a0c0-a7cd5fda3674%2Fresource%2F91b9d43c-55c4-4a2a-9b25-78f2fabba28b%2Fdownload%2Ffct-fbs-food-balances.query.sql,2026-08-28T13:34:11+00:00,135743835.43,210306415.0,2026-07-13,2026-08-28T11:25:50+00:00,category_1,0.6454574171215842,0.9310344827586207,0.8620689655172413,0.487731766982012,0.3431336708248044,0.896551724137931,0.9006085192697768,0.41543271890340816,4.0
BRA,Brazil,2023,155894.0,9915.0,60699.0,148.315098468271,Estimated value,Estimated value,Estimated value,https://api.data.apps.fao.org/api/v2/bigquery?download=true&item_code=2905&sql_url=https%3A%2F%2Fdata.apps.fao.org%2Fcatalog%2Fdataset%2F5c00a4e6-0ec8-4191-a0c0-a7cd5fda3674%2Fresource%2F91b9d43c-55c4-4a2a-9b25-78f2fabba28b%2Fdownload%2Ffct-fbs-food-balances.query.sql,2026-08-28T13:34:11+00:00,155877081.97,211140729.0,2026-07-13,2026-08-28T11:25:50+00:00,category_1,0.7382615505225427,0.9310344827586207,0.8620689655172413,0.6891357757751858,0.5001840548881965,0.896551724137931,0.9006085192697768,0.5946599153316912,4.5
CHN,China,2010,496433.0,6222.0,3054.0,99.3658939833988,Estimated value,Estimated value,Estimated value,https://api.data.apps.fao.org/api/v2/bigquery?download=true&item_code=2905&sql_url=https%3A%2F%2Fdata.apps.fao.org%2Fcatalog%2Fdataset%2F5c00a4e6-0ec8-4191-a0c0-a7cd5fda3674%2Fresource%2F91b9d43c-55c4-4a2a-9b25-78f2fabba28b%2Fdownload%2Ffct-fbs-food-balances.query.sql,2026-08-28T13:34:11+00:00,497807900.0,1337705000.0,2026-07-13,2026-08-28T11:25:50+00:00,category_2,0.37213578479560144,0.6206896551724138,0.6551724137931034,0.2716901967461078,0.26561116943041785,0.6379310344827587,0.6359026369168357,0.2686506830882628,11.0
CHN,China,2011,519484.0,6029.0,2704.0,99.3640124787446,Estimated value,Estimated value,Estimated value,https://api.data.apps.fao.org/api/v2/bigquery?download=true&item_code=2905&sql_url=https%3A%2F%2Fdata.apps.fao.org%2Fcatalog%2Fdataset%2F5c00a4e6-0ec8-4191-a0c0-a7cd5fda3674%2Fresource%2F91b9d43c-55c4-4a2a-9b25-78f2fabba28b%2Fdownload%2Ffct-fbs-food-balances.query.sql,2026-08-28T13:34:11+00:00,521255500.0,1345035000.0,2026-07-13,2026-08-28T11:25:50+00:00,category_2,0.3875404729244964,0.6206896551724138,0.6551724137931034,0.31288633242886227,0.29198066594383526,0.6379310344827587,0.6359026369168357,0.30243349918634876,10.0
CHN,China,2012,539446.0,15521.0,2348.0,97.616260027252,Estimated value,Estimated value,Estimated value,https://api.data.apps.fao.org/api/v2/bigquery?download=true&item_code=2905&sql_url=https%3A%2F%2Fdata.apps.fao.org%2Fcatalog%2Fdataset%2F5c00a4e6-0ec8-4191-a0c0-a7cd5fda3674%2Fresource%2F91b9d43c-55c4-4a2a-9b25-78f2fabba28b%2Fdownload%2Ffct-fbs-food-balances.query.sql,2026-08-28T13:34:11+00:00,541643200.0,1354190000.0,2026-07-13,2026-08-28T11:25:50+00:00,category_2,0.399975778878887,0.6206896551724138,0.6551724137931034,0.14550180329931753,0.33167218571877816,0.6379310344827587,0.6359026369168357,0.23858699450904786,10.0
CHN,China,2013,552797.0,16243.0,2292.0,97.5384121337879,Estimated value,Estimated value,Estimated value,https://api.data.apps.fao.org/api/v2/bigquery?download=true&item_code=2905&sql_url=https%3A%2F%2Fdata.apps.fao.org%2Fcatalog%2Fdataset%2F5c00a4e6-0ec8-4191-a0c0-a7cd5fda3674%2Fresource%2F91b9d43c-55c4-4a2a-9b25-78f2fabba28b%2Fdownload%2Ffct-fbs-food-balances.query.sql,2026-08-28T13:34:11+00:00,555365200.0,1363240000.0,2026-07-13,2026-08-28T11:25:50+00:00,category_2,0.40738622692996096,0.6206896551724138,0.6551724137931034,0.3285990898861879,0.27721032334420787,0.6379310344827587,0.6359026369168357,0.30290470661519786,10.0
CHN,China,2014,557551.0,21963.0,1897.0,96.5260717742033,Estimated value,Estimated value,Estimated value,https://api.data.apps.fao.org/api/v2/bigquery?download=true&item_code=2905&sql_url=https%3A%2F%2Fdata.apps.fao.org%2Fcatalog%2Fdataset%2F5c00a4e6-0ec8-4191-a0c0-a7cd5fda3674%2Fresource%2F91b9d43c-55c4-4a2a-9b25-78f2fabba28b%2Fdownload%2Ffct-fbs-food-balances.query.sql,2026-08-28T13:34:11+00:00,560519000.0,1371860000.0,2026-07-13,2026-08-28T11:25:50+00:00,category_2,0.4085832373565816,0.6206896551724138,0.6551724137931034,0.45904112990347545,0.27387338722176807,0.6379310344827587,0.6359026369168357,0.3664572585626218,10.0
CHN,China,2015,618294.0,35788.0,1548.0,94.7527638406581,Estimated value,Estimated value,Estimated value,https://api.data.apps.fao.org/api/v2/bigquery?download=true&item_code=2905&sql_url=https%3A%2F%2Fdata.apps.fao.org%2Fcatalog%2Fdataset%2F5c00a4e6-0ec8-4191-a0c0-a7cd5fda3674%2Fresource%2F91b9d43c-55c4-4a2a-9b25-78f2fabba28b%2Fdownload%2Ffct-fbs-food-balances.query.sql,2026-08-28T13:34:11+00:00,618165313.27,1379860000.0,2026-07-13,2026-08-28T11:25:50+00:00,category_2,0.4479913275767107,0.6206896551724138,0.6551724137931034,0.42571685534165793,0.3141447146904206,0.6379310344827587,0.6359026369168357,0.36993078501603927,10.0
CHN,China,2016,614708.0,25146.0,2023.0,96.374745034343,Estimated value,Estimated value,Estimated value,https://api.data.apps.fao.org/api/v2/bigquery?download=true&item_code=2905&sql_url=https%3A%2F%2Fdata.apps.fao.org%2Fcatalog%2Fdataset%2F5c00a4e6-0ec8-4191-a0c0-a7cd5fda3674%2Fresource%2F91b9d43c-55c4-4a2a-9b25-78f2fabba28b%2Fdownload%2Ffct-fbs-food-balances.query.sql,2026-08-28T13:34:11+00:00,614697468.76,1387790000.0,2026-07-13,2026-08-28T11:25:50+00:00,category_2,0.44293262580073356,0.6551724137931034,0.6896551724137931,0.25667465390001964,0.26648378433630826,0.6724137931034483,0.6703853955375254,0.26157921911816395,9.0
CHN,China,2017,614157.0,29853.0,3503.0,95.8860715027314,Estimated value,Estimated value,Estimated value,https://api.data.apps.fao.org/api/v2/bigquery?download=true&item_code=2905&sql_url=https%3A%2F%2Fdata.apps.fao.org%2Fcatalog%2Fdataset%2F5c00a4e6-0ec8-4191-a0c0-a7cd5fda3674%2Fresource%2F91b9d43c-55c4-4a2a-9b25-78f2fabba28b%2Fdownload%2Ffct-fbs-food-balances.query.sql,2026-08-28T13:34:11+00:00,614070169.03,1396215000.0,2026-07-13,2026-08-28T11:25:50+00:00,category_2,0.43981060870281435,0.6551724137931034,0.6551724137931034,0.3587198650892613,0.23701282859202938,0.6551724137931034,0.6551724137931034,0.29786634684064534,9.0
CHN,China,2018,609086.0,24881.0,5462.0,96.9102871098877,Estimated value,Estimated value,Estimated value,https://api.data.apps.fao.org/api/v2/bigquery?download=true&item_code=2905&sql_url=https%3A%2F%2Fdata.apps.fao.org%2Fcatalog%2Fdataset%2F5c00a4e6-0ec8-4191-a0c0-a7cd5fda3674%2Fresource%2F91b9d43c-55c4-4a2a-9b25-78f2fabba28b%2Fdownload%2Ffct-fbs-food-balances.query.sql,2026-08-28T13:34:11+00:00,609946694.21,1402760000.0,2026-07-13,2026-08-28T11:25:50+00:00,category_2,0.43481899555875564,0.6551724137931034,0.6896551724137931,0.3553442764398833,0.2531394943133438,0.6724137931034483,0.6703853955375254,0.30424188537661356,8.5
CHN,China,2019,612988.0,22179.0,6875.0,97.5641898989642,Estimated value,Estimated value,Estimated value,https://api.data.apps.fao.org/api/v2/bigquery?download=true&item_code=2905&sql_url=https%3A%2F%2Fdata.apps.fao.org%2Fcatalog%2Fdataset%2F5c00a4e6-0ec8-4191-a0c0-a7cd5fda3674%2Fresource%2F91b9d43c-55c4-4a2a-9b25-78f2fabba28b%2Fdownload%2Ffct-fbs-food-balances.query.sql,2026-08-28T13:34:11+00:00,613438323.23,1407745000.0,2026-07-13,2026-08-28T11:25:50+00:00,category_2,0.4357595468142313,0.6896551724137931,0.6896551724137931,0.31167358603872086,0.2173517843653296,0.6896551724137931,0.6896551724137931,0.2645126852020252,9.0
CHN,China,2020,616808.0,41308.0,5635.0,94.5327143625638,Estimated value,Estimated value,Estimated value,https://api.data.apps.fao.org/api/v2/bigquery?download=true&item_code=2905&sql_url=https%3A%2F%2Fdata.apps.fao.org%2Fcatalog%2Fdataset%2F5c00a4e6-0ec8-4191-a0c0-a7cd5fda3674%2Fresource%2F91b9d43c-55c4-4a2a-9b25-78f2fabba28b%2Fdownload%2Ffct-fbs-food-balances.query.sql,2026-08-28T13:34:11+00:00,616632008.31,1411100000.0,2026-07-13,2026-08-28T11:25:50+00:00,category_2,0.43698675381617175,0.6206896551724138,0.6551724137931034,0.3195165393972025,0.2199586935633947,0.6379310344827587,0.6359026369168357,0.2697376164802986,9.0
CHN,China,2021,632774.0,73623.0,4978.0,90.2134102440909,Estimated value,Estimated value,Estimated value,https://api.data.apps.fao.org/api/v2/bigquery?download=true&item_code=2905&sql_url=https%3A%2F%2Fdata.apps.fao.org%2Fcatalog%2Fdataset%2F5c00a4e6-0ec8-4191-a0c0-a7cd5fda3674%2Fresource%2F91b9d43c-55c4-4a2a-9b25-78f2fabba28b%2Fdownload%2Ffct-fbs-food-balances.query.sql,2026-08-28T13:34:11+00:00,632772813.74,1412360000.0,2026-07-13,2026-08-28T11:25:50+00:00,category_2,0.44802515912373614,0.5862068965517241,0.6896551724137931,0.29451161143017596,0.20488838069826756,0.6379310344827587,0.6318458417849899,0.24969999606422177,9.0
CHN,China,2022,633317.0,63416.0,4999.0,91.5549907912579,Estimated value,Estimated value,Estimated value,https://api.data.apps.fao.org/api/v2/bigquery?download=true&item_code=2905&sql_url=https%3A%2F%2Fdata.apps.fao.org%2Fcatalog%2Fdataset%2F5c00a4e6-0ec8-4191-a0c0-a7cd5fda3674%2Fresource%2F91b9d43c-55c4-4a2a-9b25-78f2fabba28b%2Fdownload%2Ffct-fbs-food-balances.query.sql,2026-08-28T13:34:11+00:00,633134294.88,1412175000.0,2026-07-13,2026-08-28T11:25:50+00:00,category_2,0.4483398267778427,0.5862068965517241,0.6551724137931034,0.29596117020962,0.23152971468581987,0.6206896551724137,0.6166328600405679,0.2637454424477199,10.0
CHN,China,2023,641916.0,68144.0,3834.0,90.8938498441009,Estimated value,Estimated value,Estimated value,https://api.data.apps.fao.org/api/v2/bigquery?download=true&item_code=2905&sql_url=https%3A%2F%2Fdata.apps.fao.org%2Fcatalog%2Fdataset%2F5c00a4e6-0ec8-4191-a0c0-a7cd5fda3674%2Fresource%2F91b9d43c-55c4-4a2a-9b25-78f2fabba28b%2Fdownload%2Ffct-fbs-food-balances.query.sql,2026-08-28T13:34:11+00:00,641731705.88,1410710000.0,2026-07-13,2026-08-28T11:25:50+00:00,category_2,0.4548998063953612,0.5862068965517241,0.6551724137931034,0.3757636209641712,0.29727035006532004,0.6206896551724137,0.6166328600405679,0.3365169855147456,10.0
COD,"Congo, Dem. Rep.",2010,2591.0,1000.0,18.0,72.5160929191156,Estimated value,Estimated value,Estimated value,https://api.data.apps.fao.org/api/v2/bigquery?download=true&item_code=2905&sql_url=https%3A%2F%2Fdata.apps.fao.org%2Fcatalog%2Fdataset%2F5c00a4e6-0ec8-4191-a0c0-a7cd5fda3674%2Fresource%2F91b9d43c-55c4-4a2a-9b25-78f2fabba28b%2Fdownload%2Ffct-fbs-food-balances.query.sql,2026-08-28T13:34:11+00:00,2591311.0,68563038.0,2026-07-13,2026-08-28T11:25:50+00:00,category_3,0.03779457672222751,0.27586206896551724,0.0,0.17096278413627775,0.0,0.13793103448275862,0.15415821501014199,0.08548139206813887,27.0
COD,"Congo, Dem. Rep.",2011,2657.0,925.0,20.0,74.5929253228523,Estimated value,Estimated value,Estimated value,https://api.data.apps.fao.org/api/v2/bigquery?download=true&item_code=2905&sql_url=https%3A%2F%2Fdata.apps.fao.org%2Fcatalog%2Fdataset%2F5c00a4e6-0ec8-4191-a0c0-a7cd5fda3674%2Fresource%2F91b9d43c-55c4-4a2a-9b25-78f2fabba28b%2Fdownload%2Ffct-fbs-food-balances.query.sql,2026-08-28T13:34:11+00:00,2656556.47,70849311.0,2026-07-13,2026-08-28T11:25:50+00:00,category_3,0.037495868802450316,0.3103448275862069,0.0,0.20645272817482618,0.0,0.15517241379310345,0.17342799188640975,0.10322636408741309,26.0
COD,"Congo, Dem. Rep.",2012,2644.0,720.0,20.0,79.066985645933,Estimated value,Estimated value,Estimated value,https://api.data.apps.fao.org/api/v2/bigquery?download=true&item_code=2905&sql_url=https%3A%2F%2Fdata.apps.fao.org%2Fcatalog%2Fdataset%2F5c00a4e6-0ec8-4191-a0c0-a7cd5fda3674%2Fresource%2F91b9d43c-55c4-4a2a-9b25-78f2fabba28b%2Fdownload%2Ffct-fbs-food-balances.query.sql,2026-08-28T13:34:11+00:00,2644174.79,73254618.0,2026-07-13,2026-08-28T11:25:50+00:00,category_3,0.03609567372257678,0.3793103448275862,0.0,0.10864748726152555,0.0,0.1896551724137931,0.21196754563894524,0.054323743630762776,25.5
COD,"Congo, Dem. Rep.",2013,2859.0,784.0,20.0,78.9125034501794,Estimated value,Estimated value,Estimated value,https://api.data.apps.fao.org/api/v2/bigquery?download=true&item_code=2905&sql_url=https%3A%2F%2Fdata.apps.fao.org%2Fcatalog%2Fdataset%2F5c00a4e6-0ec8-4191-a0c0-a7cd5fda3674%2Fresource%2F91b9d43c-55c4-4a2a-9b25-78f2fabba28b%2Fdownload%2Ffct-fbs-food-balances.query.sql,2026-08-28T13:34:11+00:00,2858786.59,75789395.0,2026-07-13,2026-08-28T11:25:50+00:00,category_3,0.03772014000111757,0.3448275862068966,0.0,0.24341231616458714,0.0,0.1724137931034483,0.1926977687626775,0.12170615808229357,26.0
COD,"Congo, Dem. Rep.",2014,3098.0,900.0,10.0,77.6830491474423,Estimated value,Estimated value,Estimated value,https://api.data.apps.fao.org/api/v2/bigquery?download=true&item_code=2905&sql_url=https%3A%2F%2Fdata.apps.fao.org%2Fcatalog%2Fdataset%2F5c00a4e6-0ec8-4191-a0c0-a7cd5fda3674%2Fresource%2F91b9d43c-55c4-4a2a-9b25-78f2fabba28b%2Fdownload%2Ffct-fbs-food-balances.query.sql,2026-08-28T13:34:11+00:00,3097523.77,78403242.0,2026-07-13,2026-08-28T11:25:50+00:00,category_3,0.03950759804039736,0.3448275862068966,0.0,0.3463185755277729,0.0,0.1724137931034483,0.1926977687626775,0.17315928776388645,25.5
COD,"Congo, Dem. Rep.",2015,3121.0,903.0,5.0,77.6561333665091,Estimated value,Estimated value,Estimated value,https://api.data.apps.fao.org/api/v2/bigquery?download=true&item_code=2905&sql_url=https%3A%2F%2Fdata.apps.fao.org%2Fcatalog%2Fdataset%2F5c00a4e6-0ec8-4191-a0c0-a7cd5fda3674%2Fresource%2F91b9d43c-55c4-4a2a-9b25-78f2fabba28b%2Fdownload%2Ffct-fbs-food-balances.query.sql,2026-08-28T13:34:11+00:00,3120941.02,81035531.0,2026-07-13,2026-08-28T11:25:50+00:00,category_3,0.038513242049342526,0.3103448275862069,0.0,0.3197468668072024,0.0,0.15517241379310345,0.17342799188640975,0.1598734334036012,26.0
COD,"Congo, Dem. Rep.",2016,3260.0,703.0,2.0,82.3024488765463,Estimated value,Estimated value,Estimated value,https://api.data.apps.fao.org/api/v2/bigquery?download=true&item_code=2905&sql_url=https%3A%2F%2Fdata.apps.fao.org%2Fcatalog%2Fdataset%2F5c00a4e6-0ec8-4191-a0c0-a7cd5fda3674%2Fresource%2F91b9d43c-55c4-4a2a-9b25-78f2fabba28b%2Fdownload%2Ffct-fbs-food-balances.query.sql,2026-08-28T13:34:11+00:00,3293367.73,83956415.0,2026-07-13,2026-08-28T11:25:50+00:00,category_3,0.039227112424940966,0.3793103448275862,0.0,0.20522146632780736,0.0,0.1896551724137931,0.21196754563894524,0.10261073316390368,25.5
COD,"Congo, Dem. Rep.",2017,3457.0,1021.0,7.0,77.3205099530307,Estimated value,Estimated value,Estimated value,https://api.data.apps.fao.org/api/v2/bigquery?download=true&item_code=2905&sql_url=https%3A%2F%2Fdata.apps.fao.org%2Fcatalog%2Fdataset%2F5c00a4e6-0ec8-4191-a0c0-a7cd5fda3674%2Fresource%2F91b9d43c-55c4-4a2a-9b25-78f2fabba28b%2Fdownload%2Ffct-fbs-food-balances.query.sql,2026-08-28T13:34:11+00:00,3459463.81,87083398.0,2026-07-13,2026-08-28T11:25:50+00:00,category_3,0.03972587071074098,0.3448275862068966,0.0,0.2640284147226524,0.0,0.1724137931034483,0.1926977687626775,0.1320142073613262,26.0
COD,"Congo, Dem. Rep.",2018,3532.0,979.0,3.0,78.3496007098492,Estimated value,Estimated value,Estimated value,https://api.data.apps.fao.org/api/v2/bigquery?download=true&item_code=2905&sql_url=https%3A%2F%2Fdata.apps.fao.org%2Fcatalog%2Fdataset%2F5c00a4e6-0ec8-4191-a0c0-a7cd5fda3674%2Fresource%2F91b9d43c-55c4-4a2a-9b25-78f2fabba28b%2Fdownload%2Ffct-fbs-food-balances.query.sql,2026-08-28T13:34:11+00:00,3533729.68,90047644.0,2026-07-13,2026-08-28T11:25:50+00:00,category_3,0.03924288879784573,0.3793103448275862,0.0,0.2633589671521323,0.0,0.1896551724137931,0.21196754563894524,0.13167948357606615,25.0
COD,"Congo, Dem. Rep.",2019,3579.0,1085.0,9.0,76.8850698174006,Estimated value,Estimated value,Estimated value,https://api.data.apps.fao.org/api/v2/bigquery?download=true&item_code=2905&sql_url=https%3A%2F%2Fdata.apps.fao.org%2Fcatalog%2Fdataset%2F5c00a4e6-0ec8-4191-a0c0-a7cd5fda3674%2Fresource%2F91b9d43c-55c4-4a2a-9b25-78f2fabba28b%2Fdownload%2Ffct-fbs-food-balances.query.sql,2026-08-28T13:34:11+00:00,3576504.53,92947442.0,2026-07-13,2026-08-28T11:25:50+00:00,category_3,0.03847878384861845,0.3448275862068966,0.0,0.2244585956880926,0.0,0.1724137931034483,0.1926977687626775,0.1122292978440463,26.0
COD,"Congo, Dem. Rep.",2020,3721.0,988.0,2.0,79.0524750371787,Estimated value,Estimated value,Estimated value,https://api.data.apps.fao.org/api/v2/bigquery?download=true&item_code=2905&sql_url=https%3A%2F%2Fdata.apps.fao.org%2Fcatalog%2Fdataset%2F5c00a4e6-0ec8-4191-a0c0-a7cd5fda3674%2Fresource%2F91b9d43c-55c4-4a2a-9b25-78f2fabba28b%2Fdownload%2Ffct-fbs-food-balances.query.sql,2026-08-28T13:34:11+00:00,3720558.56,95989998.0,2026-07-13,2026-08-28T11:25:50+00:00,category_3,0.038759856625895546,0.3793103448275862,0.0,0.251282195693866,0.0,0.1896551724137931,0.21196754563894524,0.125641097846933,26.0
COD,"Congo, Dem. Rep.",2021,3882.0,1300.0,0.0,74.9131609417213,Estimated value,Estimated value,Estimated value,https://api.data.apps.fao.org/api/v2/bigquery?download=true&item_code=2905&sql_url=https%3A%2F%2Fdata.apps.fao.org%2Fcatalog%2Fdataset%2F5c00a4e6-0ec8-4191-a0c0-a7cd5fda3674%2Fresource%2F91b9d43c-55c4-4a2a-9b25-78f2fabba28b%2Fdownload%2Ffct-fbs-food-balances.query.sql,2026-08-28T13:34:11+00:00,3882129.38,99148932.0,2026-07-13,2026-08-28T11:25:50+00:00,category_3,0.03915452543654227,0.3793103448275862,0.0,0.2275574690738527,0.0,0.1896551724137931,0.21196754563894524,0.11377873453692634,26.0
COD,"Congo, Dem. Rep.",2022,4035.0,1331.0,15.0,75.4064660811063,Estimated value,Estimated value,Estimated value,https://api.data.apps.fao.org/api/v2/bigquery?download=true&item_code=2905&sql_url=https%3A%2F%2Fdata.apps.fao.org%2Fcatalog%2Fdataset%2F5c00a4e6-0ec8-4191-a0c0-a7cd5fda3674%2Fresource%2F91b9d43c-55c4-4a2a-9b25-78f2fabba28b%2Fdownload%2Ffct-fbs-food-balances.query.sql,2026-08-28T13:34:11+00:00,4035103.93,102396968.0,2026-07-13,2026-08-28T11:25:50+00:00,category_3,0.03940647861760907,0.3448275862068966,0.0,0.22728441934923302,0.0,0.1724137931034483,0.1926977687626775,0.11364220967461651,26.0
COD,"Congo, Dem. Rep.",2023,4208.0,1537.0,11.0,73.3868154865713,Estimated value,Estimated value,Estimated value,https://api.data.apps.fao.org/api/v2/bigquery?download=true&item_code=2905&sql_url=https%3A%2F%2Fdata.apps.fao.org%2Fcatalog%2Fdataset%2F5c00a4e6-0ec8-4191-a0c0-a7cd5fda3674%2Fresource%2F91b9d43c-55c4-4a2a-9b25-78f2fabba28b%2Fdownload%2Ffct-fbs-food-balances.query.sql,2026-08-28T13:34:11+00:00,4207508.96,105789731.0,2026-07-13,2026-08-28T11:25:50+00:00,category_3,0.039772376016345104,0.3448275862068966,0.0,0.28022029488853056,0.0,0.1724137931034483,0.1926977687626775,0.14011014744426528,26.0
COL,Colombia,2010,3536.0,5600.0,97.0,39.119371611904,Estimated value,Estimated value,Estimated value,https://api.data.apps.fao.org/api/v2/bigquery?download=true&item_code=2905&sql_url=https%3A%2F%2Fdata.apps.fao.org%2Fcatalog%2Fdataset%2F5c00a4e6-0ec8-4191-a0c0-a7cd5fda3674%2Fresource%2F91b9d43c-55c4-4a2a-9b25-78f2fabba28b%2Fdownload%2Ffct-fbs-food-balances.query.sql,2026-08-28T13:34:11+00:00,3535917.0,44777319.0,2026-07-13,2026-08-28T11:25:50+00:00,unclassified,0.07896669740320987,0.06896551724137931,0.034482758620689655,0.045674506622672646,0.032708427372811516,0.05172413793103448,0.0537525354969574,0.03919146699774208,29.5
COL,Colombia,2011,3798.0,5734.0,92.0,40.2330508474576,Estimated value,Estimated value,Estimated value,https://api.data.apps.fao.org/api/v2/bigquery?download=true&item_code=2905&sql_url=https%3A%2F%2Fdata.apps.fao.org%2Fcatalog%2Fdataset%2F5c00a4e6-0ec8-4191-a0c0-a7cd5fda3674%2Fresource%2F91b9d43c-55c4-4a2a-9b25-78f2fabba28b%2Fdownload%2Ffct-fbs-food-balances.query.sql,2026-08-28T13:34:11+00:00,3798448.71,45259614.0,2026-07-13,2026-08-28T11:25:50+00:00,unclassified,0.08392578668479143,0.06896551724137931,0.034482758620689655,0.05881910761075605,0.038728316858376445,0.05172413793103448,0.0537525354969574,0.04877371223456625,29.0
COL,Colombia,2012,4270.0,6227.0,108.0,41.1011646934257,Estimated value,Estimated value,Estimated value,https://api.data.apps.fao.org/api/v2/bigquery?download=true&item_code=2905&sql_url=https%3A%2F%2Fdata.apps.fao.org%2Fcatalog%2Fdataset%2F5c00a4e6-0ec8-4191-a0c0-a7cd5fda3674%2Fresource%2F91b9d43c-55c4-4a2a-9b25-78f2fabba28b%2Fdownload%2Ffct-fbs-food-balances.query.sql,2026-08-28T13:34:11+00:00,3898180.03,45715810.0,2026-07-13,2026-08-28T11:25:50+00:00,unclassified,0.08526984493985779,0.06896551724137931,0.034482758620689655,0.03321572991865774,0.04482164486991928,0.05172413793103448,0.0537525354969574,0.039018687394288515,29.5
COL,Colombia,2013,3817.0,6240.0,91.0,38.3002207505519,Estimated value,Estimated value,Estimated value,https://api.data.apps.fao.org/api/v2/bigquery?download=true&item_code=2905&sql_url=https%3A%2F%2Fdata.apps.fao.org%2Fcatalog%2Fdataset%2F5c00a4e6-0ec8-4191-a0c0-a7cd5fda3674%2Fresource%2F91b9d43c-55c4-4a2a-9b25-78f2fabba28b%2Fdownload%2Ffct-fbs-food-balances.query.sql,2026-08-28T13:34:11+00:00,3864355.74,46151584.0,2026-07-13,2026-08-28T11:25:50+00:00,unclassified,0.08373181167519625,0.06896551724137931,0.034482758620689655,0.057669467564912966,0.034503869392904465,0.05172413793103448,0.0537525354969574,0.046086668478908716,29.5
COL,Colombia,2014,4052.0,6499.0,131.0,38.8867562380038,Estimated value,Estimated value,Estimated value,https://api.data.apps.fao.org/api/v2/bigquery?download=true&item_code=2905&sql_url=https%3A%2F%2Fdata.apps.fao.org%2Fcatalog%2Fdataset%2F5c00a4e6-0ec8-4191-a0c0-a7cd5fda3674%2Fresource%2F91b9d43c-55c4-4a2a-9b25-78f2fabba28b%2Fdownload%2Ffct-fbs-food-balances.query.sql,2026-08-28T13:34:11+00:00,3698781.08,46565429.0,2026-07-13,2026-08-28T11:25:50+00:00,unclassified,0.07943191246020734,0.06896551724137931,0.034482758620689655,0.11423175359459796,0.02962592503509284,0.05172413793103448,0.0537525354969574,0.0719288393148454,29.5
COL,Colombia,2015,3999.0,7363.0,100.0,35.5087906233351,Estimated value,Estimated value,Estimated value,https://api.data.apps.fao.org/api/v2/bigquery?download=true&item_code=2905&sql_url=https%3A%2F%2Fdata.apps.fao.org%2Fcatalog%2Fdataset%2F5c00a4e6-0ec8-4191-a0c0-a7cd5fda3674%2Fresource%2F91b9d43c-55c4-4a2a-9b25-78f2fabba28b%2Fdownload%2Ffct-fbs-food-balances.query.sql,2026-08-28T13:34:11+00:00,3603471.59,46969940.0,2026-07-13,2026-08-28T11:25:50+00:00,unclassified,0.07671867560401396,0.06896551724137931,0.034482758620689655,0.05850513066479265,0.02931056739751682,0.05172413793103448,0.0537525354969574,0.04390784903115473,29.5
COL,Colombia,2016,4397.0,7746.0,89.0,36.4775178364029,Estimated value,Estimated value,Estimated value,https://api.data.apps.fao.org/api/v2/bigquery?download=true&item_code=2905&sql_url=https%3A%2F%2Fdata.apps.fao.org%2Fcatalog%2Fdataset%2F5c00a4e6-0ec8-4191-a0c0-a7cd5fda3674%2Fresource%2F91b9d43c-55c4-4a2a-9b25-78f2fabba28b%2Fdownload%2Ffct-fbs-food-balances.query.sql,2026-08-28T13:34:11+00:00,3982827.07,47437512.0,2026-07-13,2026-08-28T11:25:50+00:00,unclassified,0.0839594426874664,0.06896551724137931,0.06896551724137931,0.03766965062885758,0.029527564661825916,0.06896551724137931,0.06896551724137931,0.03359860764534175,28.5
COL,Colombia,2017,4648.0,7563.0,150.0,38.5374347069066,Estimated value,Estimated value,Estimated value,https://api.data.apps.fao.org/api/v2/bigquery?download=true&item_code=2905&sql_url=https%3A%2F%2Fdata.apps.fao.org%2Fcatalog%2Fdataset%2F5c00a4e6-0ec8-4191-a0c0-a7cd5fda3674%2Fresource%2F91b9d43c-55c4-4a2a-9b25-78f2fabba28b%2Fdownload%2Ffct-fbs-food-balances.query.sql,2026-08-28T13:34:11+00:00,4057766.61,48131078.0,2026-07-13,2026-08-28T11:25:50+00:00,unclassified,0.0843065806670692,0.06896551724137931,0.10344827586206896,0.06621992749205646,0.026409905612544356,0.08620689655172414,0.08417849898580121,0.04631491655230041,27.0
COL,Colombia,2018,4349.0,7991.0,190.0,35.7942386831276,Estimated value,Estimated value,Estimated value,https://api.data.apps.fao.org/api/v2/bigquery?download=true&item_code=2905&sql_url=https%3A%2F%2Fdata.apps.fao.org%2Fcatalog%2Fdataset%2F5c00a4e6-0ec8-4191-a0c0-a7cd5fda3674%2Fresource%2F91b9d43c-55c4-4a2a-9b25-78f2fabba28b%2Fdownload%2Ffct-fbs-food-balances.query.sql,2026-08-28T13:34:11+00:00,3995557.73,49024465.0,2026-07-13,2026-08-28T11:25:50+00:00,unclassified,0.08150130205398468,0.06896551724137931,0.06896551724137931,0.052457923219183765,0.02704226362339132,0.06896551724137931,0.06896551724137931,0.03975009342128755,28.5
COL,Colombia,2019,4434.0,8838.0,227.0,33.9900344959755,Estimated value,Estimated value,Estimated value,https://api.data.apps.fao.org/api/v2/bigquery?download=true&item_code=2905&sql_url=https%3A%2F%2Fdata.apps.fao.org%2Fcatalog%2Fdataset%2F5c00a4e6-0ec8-4191-a0c0-a7cd5fda3674%2Fresource%2F91b9d43c-55c4-4a2a-9b25-78f2fabba28b%2Fdownload%2Ffct-fbs-food-balances.query.sql,2026-08-28T13:34:11+00:00,4061519.21,49907985.0,2026-07-13,2026-08-28T11:25:50+00:00,unclassified,0.08138014808652363,0.06896551724137931,0.06896551724137931,0.04354712184915943,0.023471280107319824,0.06896551724137931,0.06896551724137931,0.03350920097823963,29.0
COL,Colombia,2020,4930.0,9133.0,269.0,35.7401768885022,Estimated value,Estimated value,Estimated value,https://api.data.apps.fao.org/api/v2/bigquery?download=true&item_code=2905&sql_url=https%3A%2F%2Fdata.apps.fao.org%2Fcatalog%2Fdataset%2F5c00a4e6-0ec8-4191-a0c0-a7cd5fda3674%2Fresource%2F91b9d43c-55c4-4a2a-9b25-78f2fabba28b%2Fdownload%2Ffct-fbs-food-balances.query.sql,2026-08-28T13:34:11+00:00,4458460.35,50629997.0,2026-07-13,2026-08-28T11:25:50+00:00,unclassified,0.08805966056051712,0.06896551724137931,0.06896551724137931,0.06036872359968353,0.02723050738888074,0.06896551724137931,0.06896551724137931,0.043799615494282136,28.5
COL,Colombia,2021,4556.0,8762.0,253.0,34.8717948717949,Estimated value,Estimated value,Estimated value,https://api.data.apps.fao.org/api/v2/bigquery?download=true&item_code=2905&sql_url=https%3A%2F%2Fdata.apps.fao.org%2Fcatalog%2Fdataset%2F5c00a4e6-0ec8-4191-a0c0-a7cd5fda3674%2Fresource%2F91b9d43c-55c4-4a2a-9b25-78f2fabba28b%2Fdownload%2Ffct-fbs-food-balances.query.sql,2026-08-28T13:34:11+00:00,4556233.19,51188173.0,2026-07-13,2026-08-28T11:25:50+00:00,unclassified,0.08900949033676198,0.06896551724137931,0.10344827586206896,0.052335793204015574,0.024982726042364126,0.08620689655172414,0.08417849898580121,0.03865925962318985,27.5
COL,Colombia,2022,4559.0,9601.0,246.0,32.7655598677591,Estimated value,Estimated value,Estimated value,https://api.data.apps.fao.org/api/v2/bigquery?download=true&item_code=2905&sql_url=https%3A%2F%2Fdata.apps.fao.org%2Fcatalog%2Fdataset%2F5c00a4e6-0ec8-4191-a0c0-a7cd5fda3674%2Fresource%2F91b9d43c-55c4-4a2a-9b25-78f2fabba28b%2Fdownload%2Ffct-fbs-food-balances.query.sql,2026-08-28T13:34:11+00:00,4558570.46,51737944.0,2026-07-13,2026-08-28T11:25:50+00:00,unclassified,0.0881088444488633,0.06896551724137931,0.10344827586206896,0.045940368110035795,0.027574285433469677,0.08620689655172414,0.08417849898580121,0.03675732677175274,27.5
COL,Colombia,2023,4987.0,8906.0,248.0,36.5481861487724,Estimated value,Estimated value,Estimated value,https://api.data.apps.fao.org/api/v2/bigquery?download=true&item_code=2905&sql_url=https%3A%2F%2Fdata.apps.fao.org%2Fcatalog%2Fdataset%2F5c00a4e6-0ec8-4191-a0c0-a7cd5fda3674%2Fresource%2F91b9d43c-55c4-4a2a-9b25-78f2fabba28b%2Fdownload%2Ffct-fbs-food-balances.query.sql,2026-08-28T13:34:11+00:00,4765426.0,52321152.0,2026-07-13,2026-08-28T11:25:50+00:00,unclassified,0.09108029578553622,0.06896551724137931,0.06896551724137931,0.0791762400748036,0.0367413043676378,0.06896551724137931,0.06896551724137931,0.0579587722212207,29.0
DEU,Germany,2010,44314.0,12347.0,16300.0,109.794108173732,Estimated value,Estimated value,Estimated value,https://api.data.apps.fao.org/api/v2/bigquery?download=true&item_code=2905&sql_url=https%3A%2F%2Fdata.apps.fao.org%2Fcatalog%2Fdataset%2F5c00a4e6-0ec8-4191-a0c0-a7cd5fda3674%2Fresource%2F91b9d43c-55c4-4a2a-9b25-78f2fabba28b%2Fdownload%2Ffct-fbs-food-balances.query.sql,2026-08-28T13:34:11+00:00,44038739.0,81776930.0,2026-07-13,2026-08-28T11:25:50+00:00,category_2,0.5385227716423201,0.7586206896551724,0.8275862068965517,0.31081179139101833,0.39779422400818826,0.7931034482758621,0.7890466531440162,0.3543030076996033,6.5
DEU,Germany,2011,41920.0,13829.0,14309.0,101.158301158301,Estimated value,Estimated value,Estimated value,https://api.data.apps.fao.org/api/v2/bigquery?download=true&item_code=2905&sql_url=https%3A%2F%2Fdata.apps.fao.org%2Fcatalog%2Fdataset%2F5c00a4e6-0ec8-4191-a0c0-a7cd5fda3674%2Fresource%2F91b9d43c-55c4-4a2a-9b25-78f2fabba28b%2Fdownload%2Ffct-fbs-food-balances.query.sql,2026-08-28T13:34:11+00:00,41920400.0,80274983.0,2026-07-13,2026-08-28T11:25:50+00:00,category_2,0.5222100140463437,0.6896551724137931,0.7586206896551724,0.32059582898973393,0.4043117855670879,0.7241379310344828,0.7200811359026369,0.3624538072784109,8.5
DEU,Germany,2012,45397.0,13529.0,14971.0,103.280627914913,Estimated value,Estimated value,Estimated value,https://api.data.apps.fao.org/api/v2/bigquery?download=true&item_code=2905&sql_url=https%3A%2F%2Fdata.apps.fao.org%2Fcatalog%2Fdataset%2F5c00a4e6-0ec8-4191-a0c0-a7cd5fda3674%2Fresource%2F91b9d43c-55c4-4a2a-9b25-78f2fabba28b%2Fdownload%2Ffct-fbs-food-balances.query.sql,2026-08-28T13:34:11+00:00,45396500.0,80425823.0,2026-07-13,2026-08-28T11:25:50+00:00,category_2,0.5644517930515924,0.6896551724137931,0.8275862068965517,0.15675595804385123,0.48159002499042564,0.7586206896551724,0.7505070993914807,0.3191729915171384,7.5
DEU,Germany,2013,47757.0,13916.0,17839.0,108.94967376922,Estimated value,Estimated value,Estimated value,https://api.data.apps.fao.org/api/v2/bigquery?download=true&item_code=2905&sql_url=https%3A%2F%2Fdata.apps.fao.org%2Fcatalog%2Fdataset%2F5c00a4e6-0ec8-4191-a0c0-a7cd5fda3674%2Fresource%2F91b9d43c-55c4-4a2a-9b25-78f2fabba28b%2Fdownload%2Ffct-fbs-food-balances.query.sql,2026-08-28T13:34:11+00:00,47757100.0,80645605.0,2026-07-13,2026-08-28T11:25:50+00:00,category_2,0.5921847817993305,0.6896551724137931,0.8275862068965517,0.3807892181278781,0.4157896222311548,0.7586206896551724,0.7505070993914807,0.3982894201795164,8.0
DEU,Germany,2014,52010.0,16394.0,18533.0,104.289065789738,Estimated value,Estimated value,Estimated value,https://api.data.apps.fao.org/api/v2/bigquery?download=true&item_code=2905&sql_url=https%3A%2F%2Fdata.apps.fao.org%2Fcatalog%2Fdataset%2F5c00a4e6-0ec8-4191-a0c0-a7cd5fda3674%2Fresource%2F91b9d43c-55c4-4a2a-9b25-78f2fabba28b%2Fdownload%2Ffct-fbs-food-balances.query.sql,2026-08-28T13:34:11+00:00,52010400.0,80982500.0,2026-07-13,2026-08-28T11:25:50+00:00,category_2,0.6422424597906955,0.6896551724137931,0.8620689655172413,0.5054808403664662,0.44726072544382006,0.7758620689655172,0.7657200811359026,0.4763707829051431,7.0
DEU,Germany,2015,48867.0,16536.0,20506.0,108.842461634408,Estimated value,Estimated value,Estimated value,https://api.data.apps.fao.org/api/v2/bigquery?download=true&item_code=2905&sql_url=https%3A%2F%2Fdata.apps.fao.org%2Fcatalog%2Fdataset%2F5c00a4e6-0ec8-4191-a0c0-a7cd5fda3674%2Fresource%2F91b9d43c-55c4-4a2a-9b25-78f2fabba28b%2Fdownload%2Ffct-fbs-food-balances.query.sql,2026-08-28T13:34:11+00:00,48866800.0,81686611.0,2026-07-13,2026-08-28T11:25:50+00:00,category_2,0.5982228837967094,0.7586206896551724,0.8620689655172413,0.5130489829158745,0.42939984319246854,0.8103448275862069,0.8042596348884381,0.4712244130541715,5.5
DEU,Germany,2016,45364.0,15894.0,20141.0,110.329060972347,Estimated value,Estimated value,Estimated value,https://api.data.apps.fao.org/api/v2/bigquery?download=true&item_code=2905&sql_url=https%3A%2F%2Fdata.apps.fao.org%2Fcatalog%2Fdataset%2F5c00a4e6-0ec8-4191-a0c0-a7cd5fda3674%2Fresource%2F91b9d43c-55c4-4a2a-9b25-78f2fabba28b%2Fdownload%2Ffct-fbs-food-balances.query.sql,2026-08-28T13:34:11+00:00,45364400.0,82348669.0,2026-07-13,2026-08-28T11:25:50+00:00,category_2,0.550882006362483,0.7586206896551724,0.8275862068965517,0.3076964649356146,0.3377405754767293,0.7931034482758621,0.7890466531440162,0.322718520206172,6.0
DEU,Germany,2017,45557.0,16747.0,17824.0,102.42131294964,Estimated value,Estimated value,Estimated value,https://api.data.apps.fao.org/api/v2/bigquery?download=true&item_code=2905&sql_url=https%3A%2F%2Fdata.apps.fao.org%2Fcatalog%2Fdataset%2F5c00a4e6-0ec8-4191-a0c0-a7cd5fda3674%2Fresource%2F91b9d43c-55c4-4a2a-9b25-78f2fabba28b%2Fdownload%2Ffct-fbs-food-balances.query.sql,2026-08-28T13:34:11+00:00,45556800.0,82657002.0,2026-07-13,2026-08-28T11:25:50+00:00,category_2,0.5511547587946632,0.6896551724137931,0.8275862068965517,0.392052090966034,0.3029738349850486,0.7586206896551724,0.7505070993914807,0.3475129629755413,8.0
DEU,Germany,2018,37956.0,18116.0,14770.0,91.8986973996417,Estimated value,Estimated value,Estimated value,https://api.data.apps.fao.org/api/v2/bigquery?download=true&item_code=2905&sql_url=https%3A%2F%2Fdata.apps.fao.org%2Fcatalog%2Fdataset%2F5c00a4e6-0ec8-4191-a0c0-a7cd5fda3674%2Fresource%2F91b9d43c-55c4-4a2a-9b25-78f2fabba28b%2Fdownload%2Ffct-fbs-food-balances.query.sql,2026-08-28T13:34:11+00:00,37948100.0,82905782.0,2026-07-13,2026-08-28T11:25:50+00:00,category_2,0.45772561436064857,0.6206896551724138,0.7241379310344828,0.3305072300298253,0.26779803865117063,0.6724137931034483,0.6663286004056795,0.299152634340498,8.5
DEU,Germany,2019,44786.0,18211.0,15158.0,93.6181776374924,Estimated value,Estimated value,Estimated value,https://api.data.apps.fao.org/api/v2/bigquery?download=true&item_code=2905&sql_url=https%3A%2F%2Fdata.apps.fao.org%2Fcatalog%2Fdataset%2F5c00a4e6-0ec8-4191-a0c0-a7cd5fda3674%2Fresource%2F91b9d43c-55c4-4a2a-9b25-78f2fabba28b%2Fdownload%2Ffct-fbs-food-balances.query.sql,2026-08-28T13:34:11+00:00,44302400.0,83092962.0,2026-07-13,2026-08-28T11:25:50+00:00,category_2,0.5331666958749166,0.6206896551724138,0.7931034482758621,0.2950311264006751,0.270643107862189,0.7068965517241379,0.6967545638945234,0.282837117131432,8.0
DEU,Germany,2020,43265.0,19760.0,19900.0,100.324637681159,Estimated value,Estimated value,Estimated value,https://api.data.apps.fao.org/api/v2/bigquery?download=true&item_code=2905&sql_url=https%3A%2F%2Fdata.apps.fao.org%2Fcatalog%2Fdataset%2F5c00a4e6-0ec8-4191-a0c0-a7cd5fda3674%2Fresource%2F91b9d43c-55c4-4a2a-9b25-78f2fabba28b%2Fdownload%2Ffct-fbs-food-balances.query.sql,2026-08-28T13:34:11+00:00,43265100.0,83160871.0,2026-07-13,2026-08-28T11:25:50+00:00,category_2,0.5202578986937259,0.6896551724137931,0.7931034482758621,0.3450463828393718,0.2659531062161476,0.7413793103448276,0.7352941176470589,0.3054997445277597,7.5
DEU,Germany,2021,42359.0,18829.0,19146.0,100.754007896865,Estimated value,Estimated value,Estimated value,https://api.data.apps.fao.org/api/v2/bigquery?download=true&item_code=2905&sql_url=https%3A%2F%2Fdata.apps.fao.org%2Fcatalog%2Fdataset%2F5c00a4e6-0ec8-4191-a0c0-a7cd5fda3674%2Fresource%2F91b9d43c-55c4-4a2a-9b25-78f2fabba28b%2Fdownload%2Ffct-fbs-food-balances.query.sql,2026-08-28T13:34:11+00:00,42359400.0,83196078.0,2026-07-13,2026-08-28T11:25:50+00:00,category_2,0.509151404949642,0.6551724137931034,0.7586206896551724,0.34063743995868667,0.23551923675288847,0.7068965517241379,0.7008113590263692,0.28807833835578756,8.0
DEU,Germany,2022,43479.0,19163.0,18586.0,98.6903032504086,Estimated value,Estimated value,Estimated value,https://api.data.apps.fao.org/api/v2/bigquery?download=true&item_code=2905&sql_url=https%3A%2F%2Fdata.apps.fao.org%2Fcatalog%2Fdataset%2F5c00a4e6-0ec8-4191-a0c0-a7cd5fda3674%2Fresource%2F91b9d43c-55c4-4a2a-9b25-78f2fabba28b%2Fdownload%2Ffct-fbs-food-balances.query.sql,2026-08-28T13:34:11+00:00,43479000.0,83177813.0,2026-07-13,2026-08-28T11:25:50+00:00,category_2,0.5227235296508698,0.6206896551724138,0.7586206896551724,0.3263063617898797,0.27364424895148365,0.6896551724137931,0.6815415821501014,0.2999753053706817,8.0
DEU,Germany,2023,42463.0,19672.0,19403.0,99.3704951792568,Estimated value,Estimated value,Estimated value,https://api.data.apps.fao.org/api/v2/bigquery?download=true&item_code=2905&sql_url=https%3A%2F%2Fdata.apps.fao.org%2Fcatalog%2Fdataset%2F5c00a4e6-0ec8-4191-a0c0-a7cd5fda3674%2Fresource%2F91b9d43c-55c4-4a2a-9b25-78f2fabba28b%2Fdownload%2Ffct-fbs-food-balances.query.sql,2026-08-28T13:34:11+00:00,42462800.0,83287273.0,2026-07-13,2026-08-28T11:25:50+00:00,category_2,0.5098353982606683,0.6551724137931034,0.7586206896551724,0.4220242766951651,0.33660940942339534,0.7068965517241379,0.7008113590263692,0.37931684305928026,8.0
EGY,"Egypt, Arab Rep.",2010,19472.0,17346.0,1009.0,54.3773911586473,Estimated value,Estimated value,Estimated value,https://api.data.apps.fao.org/api/v2/bigquery?download=true&item_code=2905&sql_url=https%3A%2F%2Fdata.apps.fao.org%2Fcatalog%2Fdataset%2F5c00a4e6-0ec8-4191-a0c0-a7cd5fda3674%2Fresource%2F91b9d43c-55c4-4a2a-9b25-78f2fabba28b%2Fdownload%2Ffct-fbs-food-balances.query.sql,2026-08-28T13:34:11+00:00,19464743.0,89196072.0,2026-07-13,2026-08-28T11:25:50+00:00,category_3,0.21822421731755184,0.10344827586206896,0.3448275862068966,0.10291518512207938,0.14333898030277126,0.22413793103448276,0.20993914807302233,0.12312708271242531,25.0
EGY,"Egypt, Arab Rep.",2011,22017.0,20846.0,307.0,51.7365353886644,Estimated value,Estimated value,Estimated value,https://api.data.apps.fao.org/api/v2/bigquery?download=true&item_code=2905&sql_url=https%3A%2F%2Fdata.apps.fao.org%2Fcatalog%2Fdataset%2F5c00a4e6-0ec8-4191-a0c0-a7cd5fda3674%2Fresource%2F91b9d43c-55c4-4a2a-9b25-78f2fabba28b%2Fdownload%2Ffct-fbs-food-balances.query.sql,2026-08-28T13:34:11+00:00,22014225.25,91093059.0,2026-07-13,2026-08-28T11:25:50+00:00,category_3,0.24166742770159907,0.13793103448275862,0.41379310344827586,0.10824597828041856,0.17030443272703455,0.27586206896551724,0.25963488843813387,0.13927520550372655,23.0
EGY,"Egypt, Arab Rep.",2012,23759.0,17381.0,401.0,58.3200373106851,Estimated value,Estimated value,Estimated value,https://api.data.apps.fao.org/api/v2/bigquery?download=true&item_code=2905&sql_url=https%3A%2F%2Fdata.apps.fao.org%2Fcatalog%2Fdataset%2F5c00a4e6-0ec8-4191-a0c0-a7cd5fda3674%2Fresource%2F91b9d43c-55c4-4a2a-9b25-78f2fabba28b%2Fdownload%2Ffct-fbs-food-balances.query.sql,2026-08-28T13:34:11+00:00,23755745.0,93161001.0,2026-07-13,2026-08-28T11:25:50+00:00,category_3,0.2549966696901421,0.1724137931034483,0.41379310344827586,0.06742675942879625,0.19952553261297964,0.2931034482758621,0.2789046653144016,0.13347614602088795,23.0
EGY,"Egypt, Arab Rep.",2013,24129.0,21513.0,723.0,53.7166900420757,Estimated value,Estimated value,Estimated value,https://api.data.apps.fao.org/api/v2/bigquery?download=true&item_code=2905&sql_url=https%3A%2F%2Fdata.apps.fao.org%2Fcatalog%2Fdataset%2F5c00a4e6-0ec8-4191-a0c0-a7cd5fda3674%2Fresource%2F91b9d43c-55c4-4a2a-9b25-78f2fabba28b%2Fdownload%2Ffct-fbs-food-balances.query.sql,2026-08-28T13:34:11+00:00,24123416.0,95333553.0,2026-07-13,2026-08-28T11:25:50+00:00,category_3,0.2530422421159526,0.10344827586206896,0.41379310344827586,0.12817766683890489,0.161468719098102,0.25862068965517243,0.24036511156186613,0.14482319296850343,23.0
EGY,"Egypt, Arab Rep.",2014,23328.0,22514.0,388.0,51.3222158665904,Estimated value,Estimated value,Estimated value,https://api.data.apps.fao.org/api/v2/bigquery?download=true&item_code=2905&sql_url=https%3A%2F%2Fdata.apps.fao.org%2Fcatalog%2Fdataset%2F5c00a4e6-0ec8-4191-a0c0-a7cd5fda3674%2Fresource%2F91b9d43c-55c4-4a2a-9b25-78f2fabba28b%2Fdownload%2Ffct-fbs-food-balances.query.sql,2026-08-28T13:34:11+00:00,23323608.72,97528654.0,2026-07-13,2026-08-28T11:25:50+00:00,category_3,0.23914621768490724,0.13793103448275862,0.3793103448275862,0.18862304430925336,0.14814227534394345,0.2586206896551724,0.24442190669371194,0.1683826598265984,23.0
EGY,"Egypt, Arab Rep.",2015,23146.0,20788.0,593.0,53.4043976834868,Estimated value,Estimated value,Estimated value,https://api.data.apps.fao.org/api/v2/bigquery?download=true&item_code=2905&sql_url=https%3A%2F%2Fdata.apps.fao.org%2Fcatalog%2Fdataset%2F5c00a4e6-0ec8-4191-a0c0-a7cd5fda3674%2Fresource%2F91b9d43c-55c4-4a2a-9b25-78f2fabba28b%2Fdownload%2Ffct-fbs-food-balances.query.sql,2026-08-28T13:34:11+00:00,23141275.32,99597342.0,2026-07-13,2026-08-28T11:25:50+00:00,category_3,0.2323483223076375,0.10344827586206896,0.3793103448275862,0.16942741314898438,0.1487070203190813,0.24137931034482757,0.2251521298174442,0.15906721673403285,25.0
EGY,"Egypt, Arab Rep.",2016,23391.0,21175.0,482.0,53.0600671445422,Estimated value,Estimated value,Estimated value,https://api.data.apps.fao.org/api/v2/bigquery?download=true&item_code=2905&sql_url=https%3A%2F%2Fdata.apps.fao.org%2Fcatalog%2Fdataset%2F5c00a4e6-0ec8-4191-a0c0-a7cd5fda3674%2Fresource%2F91b9d43c-55c4-4a2a-9b25-78f2fabba28b%2Fdownload%2Ffct-fbs-food-balances.query.sql,2026-08-28T13:34:11+00:00,23385497.4,101644589.0,2026-07-13,2026-08-28T11:25:50+00:00,category_3,0.23007124757029612,0.13793103448275862,0.3448275862068966,0.09830119294502926,0.12597516176248888,0.2413793103448276,0.22920892494929007,0.11213817735375907,24.0
EGY,"Egypt, Arab Rep.",2017,22925.0,21866.0,500.0,51.7599512316272,Estimated value,Estimated value,Estimated value,https://api.data.apps.fao.org/api/v2/bigquery?download=true&item_code=2905&sql_url=https%3A%2F%2Fdata.apps.fao.org%2Fcatalog%2Fdataset%2F5c00a4e6-0ec8-4191-a0c0-a7cd5fda3674%2Fresource%2F91b9d43c-55c4-4a2a-9b25-78f2fabba28b%2Fdownload%2Ffct-fbs-food-balances.query.sql,2026-08-28T13:34:11+00:00,22923640.0,103696057.0,2026-07-13,2026-08-28T11:25:50+00:00,category_3,0.22106568622951595,0.13793103448275862,0.27586206896551724,0.13365980879435027,0.10742689868193166,0.20689655172413793,0.19878296146044624,0.12054335373814096,25.0
EGY,"Egypt, Arab Rep.",2018,17566.0,21204.0,534.0,45.9409980123444,Estimated value,Estimated value,Estimated value,https://api.data.apps.fao.org/api/v2/bigquery?download=true&item_code=2905&sql_url=https%3A%2F%2Fdata.apps.fao.org%2Fcatalog%2Fdataset%2F5c00a4e6-0ec8-4191-a0c0-a7cd5fda3674%2Fresource%2F91b9d43c-55c4-4a2a-9b25-78f2fabba28b%2Fdownload%2Ffct-fbs-food-balances.query.sql,2026-08-28T13:34:11+00:00,17565644.01,105682094.0,2026-07-13,2026-08-28T11:25:50+00:00,category_3,0.16621211167522856,0.10344827586206896,0.20689655172413793,0.102744468395899,0.08125092573390744,0.15517241379310345,0.14908722109533468,0.09199769706490321,26.0
EGY,"Egypt, Arab Rep.",2019,21929.0,21901.0,1319.0,51.5842958293148,Estimated value,Estimated value,Estimated value,https://api.data.apps.fao.org/api/v2/bigquery?download=true&item_code=2905&sql_url=https%3A%2F%2Fdata.apps.fao.org%2Fcatalog%2Fdataset%2F5c00a4e6-0ec8-4191-a0c0-a7cd5fda3674%2Fresource%2F91b9d43c-55c4-4a2a-9b25-78f2fabba28b%2Fdownload%2Ffct-fbs-food-balances.query.sql,2026-08-28T13:34:11+00:00,21916624.05,107553158.0,2026-07-13,2026-08-28T11:25:50+00:00,category_3,0.20377480733759581,0.10344827586206896,0.27586206896551724,0.11775160087734027,0.09043323765699778,0.1896551724137931,0.1795131845841785,0.10409241926716903,25.0
EGY,"Egypt, Arab Rep.",2020,22474.0,20170.0,917.0,53.8596112828624,Estimated value,Estimated value,Estimated value,https://api.data.apps.fao.org/api/v2/bigquery?download=true&item_code=2905&sql_url=https%3A%2F%2Fdata.apps.fao.org%2Fcatalog%2Fdataset%2F5c00a4e6-0ec8-4191-a0c0-a7cd5fda3674%2Fresource%2F91b9d43c-55c4-4a2a-9b25-78f2fabba28b%2Fdownload%2Ffct-fbs-food-balances.query.sql,2026-08-28T13:34:11+00:00,22457339.3,109315124.0,2026-07-13,2026-08-28T11:25:50+00:00,category_3,0.2054367088308842,0.13793103448275862,0.27586206896551724,0.14023620421074787,0.09206315022149521,0.20689655172413793,0.19878296146044624,0.11614967721612154,25.0
EGY,"Egypt, Arab Rep.",2021,23114.0,17485.0,1090.0,58.5031258700549,Estimated value,Estimated value,Estimated value,https://api.data.apps.fao.org/api/v2/bigquery?download=true&item_code=2905&sql_url=https%3A%2F%2Fdata.apps.fao.org%2Fcatalog%2Fdataset%2F5c00a4e6-0ec8-4191-a0c0-a7cd5fda3674%2Fresource%2F91b9d43c-55c4-4a2a-9b25-78f2fabba28b%2Fdownload%2Ffct-fbs-food-balances.query.sql,2026-08-28T13:34:11+00:00,23091464.6,110957008.0,2026-07-13,2026-08-28T11:25:50+00:00,category_3,0.20811181750683114,0.1724137931034483,0.27586206896551724,0.15574688595541628,0.08466586525734623,0.22413793103448276,0.218052738336714,0.12020637560638125,24.5
EGY,"Egypt, Arab Rep.",2022,22034.0,16520.0,749.0,58.2832958603359,Estimated value,Estimated value,Estimated value,https://api.data.apps.fao.org/api/v2/bigquery?download=true&item_code=2905&sql_url=https%3A%2F%2Fdata.apps.fao.org%2Fcatalog%2Fdataset%2F5c00a4e6-0ec8-4191-a0c0-a7cd5fda3674%2Fresource%2F91b9d43c-55c4-4a2a-9b25-78f2fabba28b%2Fdownload%2Ffct-fbs-food-balances.query.sql,2026-08-28T13:34:11+00:00,22002297.0,112618250.0,2026-07-13,2026-08-28T11:25:50+00:00,category_3,0.19537061710690762,0.20689655172413793,0.2413793103448276,0.15446267765461308,0.08830371171269155,0.22413793103448276,0.22210953346855983,0.12138319468365232,24.5
EGY,"Egypt, Arab Rep.",2023,23423.0,17081.0,1577.0,60.1716032573792,Estimated value,Estimated value,Estimated value,https://api.data.apps.fao.org/api/v2/bigquery?download=true&item_code=2905&sql_url=https%3A%2F%2Fdata.apps.fao.org%2Fcatalog%2Fdataset%2F5c00a4e6-0ec8-4191-a0c0-a7cd5fda3674%2Fresource%2F91b9d43c-55c4-4a2a-9b25-78f2fabba28b%2Fdownload%2Ffct-fbs-food-balances.query.sql,2026-08-28T13:34:11+00:00,23391009.98,114535772.0,2026-07-13,2026-08-28T11:25:50+00:00,category_3,0.2042244931129464,0.1724137931034483,0.2413793103448276,0.20809926597026313,0.11776320917568738,0.20689655172413796,0.2028397565922921,0.16293123757297526,25.0
ETH,Ethiopia,2010,18380.0,2258.0,62.0,89.3273716951789,Estimated value,Estimated value,Estimated value,https://api.data.apps.fao.org/api/v2/bigquery?download=true&item_code=2905&sql_url=https%3A%2F%2Fdata.apps.fao.org%2Fcatalog%2Fdataset%2F5c00a4e6-0ec8-4191-a0c0-a7cd5fda3674%2Fresource%2F91b9d43c-55c4-4a2a-9b25-78f2fabba28b%2Fdownload%2Ffct-fbs-food-balances.query.sql,2026-08-28T13:34:11+00:00,19000252.33,90538514.0,2026-07-13,2026-08-28T11:25:50+00:00,category_3,0.20985823038800921,0.41379310344827586,0.27586206896551724,0.23403053684406167,0.1366927772080341,0.3448275862068966,0.3529411764705882,0.1853616570260479,19.5
ETH,Ethiopia,2011,19270.0,1992.0,86.0,90.9992444276539,Estimated value,Estimated value,Estimated value,https://api.data.apps.fao.org/api/v2/bigquery?download=true&item_code=2905&sql_url=https%3A%2F%2Fdata.apps.fao.org%2Fcatalog%2Fdataset%2F5c00a4e6-0ec8-4191-a0c0-a7cd5fda3674%2Fresource%2F91b9d43c-55c4-4a2a-9b25-78f2fabba28b%2Fdownload%2Ffct-fbs-food-balances.query.sql,2026-08-28T13:34:11+00:00,19218587.0,93149970.0,2026-07-13,2026-08-28T11:25:50+00:00,category_3,0.20631876746712854,0.5862068965517241,0.3103448275862069,0.27694554360422574,0.14081926074053958,0.4482758620689655,0.4645030425963489,0.20888240217238266,18.0
ETH,Ethiopia,2012,20322.0,1290.0,89.0,94.4199228732054,Estimated value,Estimated value,Estimated value,https://api.data.apps.fao.org/api/v2/bigquery?download=true&item_code=2905&sql_url=https%3A%2F%2Fdata.apps.fao.org%2Fcatalog%2Fdataset%2F5c00a4e6-0ec8-4191-a0c0-a7cd5fda3674%2Fresource%2F91b9d43c-55c4-4a2a-9b25-78f2fabba28b%2Fdownload%2Ffct-fbs-food-balances.query.sql,2026-08-28T13:34:11+00:00,20825650.18,95798767.0,2026-07-13,2026-08-28T11:25:50+00:00,category_3,0.2173895430199013,0.5517241379310345,0.3103448275862069,0.13915121420257068,0.16524710484358107,0.43103448275862066,0.44523326572008115,0.1521991595230759,16.0
ETH,Ethiopia,2013,22339.0,1190.0,17.0,95.0110581830555,Estimated value,Estimated value,Estimated value,https://api.data.apps.fao.org/api/v2/bigquery?download=true&item_code=2905&sql_url=https%3A%2F%2Fdata.apps.fao.org%2Fcatalog%2Fdataset%2F5c00a4e6-0ec8-4191-a0c0-a7cd5fda3674%2Fresource%2F91b9d43c-55c4-4a2a-9b25-78f2fabba28b%2Fdownload%2Ffct-fbs-food-balances.query.sql,2026-08-28T13:34:11+00:00,22274391.3,98438751.0,2026-07-13,2026-08-28T11:25:50+00:00,category_3,0.2262766550136338,0.5862068965517241,0.3448275862068966,0.3170400764295771,0.1413973700685667,0.46551724137931033,0.47971602434077076,0.2292187232490719,17.0
ETH,Ethiopia,2014,24215.0,1725.0,58.0,93.5592303531412,Estimated value,Estimated value,Estimated value,https://api.data.apps.fao.org/api/v2/bigquery?download=true&item_code=2905&sql_url=https%3A%2F%2Fdata.apps.fao.org%2Fcatalog%2Fdataset%2F5c00a4e6-0ec8-4191-a0c0-a7cd5fda3674%2Fresource%2F91b9d43c-55c4-4a2a-9b25-78f2fabba28b%2Fdownload%2Ffct-fbs-food-balances.query.sql,2026-08-28T13:34:11+00:00,24164343.95,101115610.0,2026-07-13,2026-08-28T11:25:50+00:00,category_3,0.23897738390739076,0.5517241379310345,0.3448275862068966,0.4412929187998705,0.1480169918692293,0.4482758620689655,0.460446247464503,0.2946549553345499,18.0
ETH,Ethiopia,2015,25837.0,2224.0,25.0,92.156513054644,Estimated value,Estimated value,Estimated value,https://api.data.apps.fao.org/api/v2/bigquery?download=true&item_code=2905&sql_url=https%3A%2F%2Fdata.apps.fao.org%2Fcatalog%2Fdataset%2F5c00a4e6-0ec8-4191-a0c0-a7cd5fda3674%2Fresource%2F91b9d43c-55c4-4a2a-9b25-78f2fabba28b%2Fdownload%2Ffct-fbs-food-balances.query.sql,2026-08-28T13:34:11+00:00,25859511.63,103867135.0,2026-07-13,2026-08-28T11:25:50+00:00,category_3,0.24896721787887957,0.5862068965517241,0.4482758620689655,0.4096245226189914,0.1614567580760456,0.5172413793103448,0.5253549695740365,0.28554064034751847,15.0
ETH,Ethiopia,2016,26587.0,3557.0,13.0,88.2380272808735,Estimated value,Estimated value,Estimated value,https://api.data.apps.fao.org/api/v2/bigquery?download=true&item_code=2905&sql_url=https%3A%2F%2Fdata.apps.fao.org%2Fcatalog%2Fdataset%2F5c00a4e6-0ec8-4191-a0c0-a7cd5fda3674%2Fresource%2F91b9d43c-55c4-4a2a-9b25-78f2fabba28b%2Fdownload%2Ffct-fbs-food-balances.query.sql,2026-08-28T13:34:11+00:00,26601251.15,106718162.0,2026-07-13,2026-08-28T11:25:50+00:00,category_3,0.24926639150700514,0.5172413793103449,0.41379310344827586,0.22692399628900436,0.13864577048011825,0.4655172413793104,0.47160243407707914,0.1827848833845613,16.5
ETH,Ethiopia,2017,28764.0,2349.0,40.0,92.5691114472371,Estimated value,Estimated value,Estimated value,https://api.data.apps.fao.org/api/v2/bigquery?download=true&item_code=2905&sql_url=https%3A%2F%2Fdata.apps.fao.org%2Fcatalog%2Fdataset%2F5c00a4e6-0ec8-4191-a0c0-a7cd5fda3674%2Fresource%2F91b9d43c-55c4-4a2a-9b25-78f2fabba28b%2Fdownload%2Ffct-fbs-food-balances.query.sql,2026-08-28T13:34:11+00:00,29298245.02,109666481.0,2026-07-13,2026-08-28T11:25:50+00:00,category_3,0.26715770172291753,0.5862068965517241,0.41379310344827586,0.34180210272467904,0.13473211162863294,0.5,0.5101419878296146,0.238267107176656,16.0
ETH,Ethiopia,2018,28364.0,2739.0,10.0,91.2231048789117,Estimated value,Estimated value,Estimated value,https://api.data.apps.fao.org/api/v2/bigquery?download=true&item_code=2905&sql_url=https%3A%2F%2Fdata.apps.fao.org%2Fcatalog%2Fdataset%2F5c00a4e6-0ec8-4191-a0c0-a7cd5fda3674%2Fresource%2F91b9d43c-55c4-4a2a-9b25-78f2fabba28b%2Fdownload%2Ffct-fbs-food-balances.query.sql,2026-08-28T13:34:11+00:00,30344417.57,112664152.0,2026-07-13,2026-08-28T11:25:50+00:00,category_3,0.2693351614628937,0.5862068965517241,0.4482758620689655,0.3271590463671935,0.1472420617735701,0.5172413793103448,0.5253549695740365,0.23720055407038182,14.0
ETH,Ethiopia,2019,29673.0,2678.0,8.0,91.7447361098228,Estimated value,Estimated value,Estimated value,https://api.data.apps.fao.org/api/v2/bigquery?download=true&item_code=2905&sql_url=https%3A%2F%2Fdata.apps.fao.org%2Fcatalog%2Fdataset%2F5c00a4e6-0ec8-4191-a0c0-a7cd5fda3674%2Fresource%2F91b9d43c-55c4-4a2a-9b25-78f2fabba28b%2Fdownload%2Ffct-fbs-food-balances.query.sql,2026-08-28T13:34:11+00:00,32268582.52,115737383.0,2026-07-13,2026-08-28T11:25:50+00:00,category_3,0.27880864145684026,0.5862068965517241,0.5172413793103449,0.2871298141536495,0.131484149893092,0.5517241379310345,0.5557809330628803,0.20930698202337078,12.0
ETH,Ethiopia,2020,30249.0,3547.0,20.0,89.5576740881099,Estimated value,Estimated value,Estimated value,https://api.data.apps.fao.org/api/v2/bigquery?download=true&item_code=2905&sql_url=https%3A%2F%2Fdata.apps.fao.org%2Fcatalog%2Fdataset%2F5c00a4e6-0ec8-4191-a0c0-a7cd5fda3674%2Fresource%2F91b9d43c-55c4-4a2a-9b25-78f2fabba28b%2Fdownload%2Ffct-fbs-food-balances.query.sql,2026-08-28T13:34:11+00:00,32486214.54,118917671.0,2026-07-13,2026-08-28T11:25:50+00:00,category_3,0.2731823980979244,0.5517241379310345,0.4482758620689655,0.2975873817860308,0.12948215283248637,0.5,0.5060851926977687,0.21353476730925858,14.0
ETH,Ethiopia,2021,30603.0,4365.0,28.0,87.587292501431,Estimated value,Estimated value,Estimated value,https://api.data.apps.fao.org/api/v2/bigquery?download=true&item_code=2905&sql_url=https%3A%2F%2Fdata.apps.fao.org%2Fcatalog%2Fdataset%2F5c00a4e6-0ec8-4191-a0c0-a7cd5fda3674%2Fresource%2F91b9d43c-55c4-4a2a-9b25-78f2fabba28b%2Fdownload%2Ffct-fbs-food-balances.query.sql,2026-08-28T13:34:11+00:00,32459543.02,122138588.0,2026-07-13,2026-08-28T11:25:50+00:00,category_3,0.2657599334618147,0.5517241379310345,0.4482758620689655,0.28301967703670916,0.11355380230923749,0.5,0.5060851926977687,0.19828673967297333,15.0
ETH,Ethiopia,2022,29940.0,2938.0,24.0,91.1304559566567,Estimated value,Estimated value,Estimated value,https://api.data.apps.fao.org/api/v2/bigquery?download=true&item_code=2905&sql_url=https%3A%2F%2Fdata.apps.fao.org%2Fcatalog%2Fdataset%2F5c00a4e6-0ec8-4191-a0c0-a7cd5fda3674%2Fresource%2F91b9d43c-55c4-4a2a-9b25-78f2fabba28b%2Fdownload%2Ffct-fbs-food-balances.query.sql,2026-08-28T13:34:11+00:00,31183280.68,125384287.0,2026-07-13,2026-08-28T11:25:50+00:00,category_3,0.2487016629125147,0.5517241379310345,0.4482758620689655,0.294155700447473,0.11849866126821264,0.5,0.5060851926977687,0.20632718085784282,15.0
ETH,Ethiopia,2023,30146.0,1592.0,16.0,95.0318391022004,Estimated value,Estimated value,Estimated value,https://api.data.apps.fao.org/api/v2/bigquery?download=true&item_code=2905&sql_url=https%3A%2F%2Fdata.apps.fao.org%2Fcatalog%2Fdataset%2F5c00a4e6-0ec8-4191-a0c0-a7cd5fda3674%2Fresource%2F91b9d43c-55c4-4a2a-9b25-78f2fabba28b%2Fdownload%2Ffct-fbs-food-balances.query.sql,2026-08-28T13:34:11+00:00,31501750.81,128691692.0,2026-07-13,2026-08-28T11:25:50+00:00,category_3,0.24478465020104015,0.6206896551724138,0.3448275862068966,0.39834638677762035,0.14680810289729357,0.4827586206896552,0.4989858012170386,0.27257724483745693,15.5
FRA,France,2010,65839.0,5389.0,38280.0,199.827000121403,Estimated value,Estimated value,Estimated value,https://api.data.apps.fao.org/api/v2/bigquery?download=true&item_code=2905&sql_url=https%3A%2F%2Fdata.apps.fao.org%2Fcatalog%2Fdataset%2F5c00a4e6-0ec8-4191-a0c0-a7cd5fda3674%2Fresource%2F91b9d43c-55c4-4a2a-9b25-78f2fabba28b%2Fdownload%2Ffct-fbs-food-balances.query.sql,2026-08-28T13:34:11+00:00,65839202.3,65026211.0,2026-07-13,2026-08-28T11:25:50+00:00,flexible_1,1.0125025168696973,0.9655172413793104,0.9310344827586207,0.6485714728857536,0.7743386384452702,0.9482758620689655,0.9503042596348885,0.7114550556655119,2.0
FRA,France,2011,63955.0,5721.0,35891.0,189.299985200533,Estimated value,Estimated value,Estimated value,https://api.data.apps.fao.org/api/v2/bigquery?download=true&item_code=2905&sql_url=https%3A%2F%2Fdata.apps.fao.org%2Fcatalog%2Fdataset%2F5c00a4e6-0ec8-4191-a0c0-a7cd5fda3674%2Fresource%2F91b9d43c-55c4-4a2a-9b25-78f2fabba28b%2Fdownload%2Ffct-fbs-food-balances.query.sql,2026-08-28T13:34:11+00:00,63954886.0,65340830.0,2026-07-13,2026-08-28T11:25:50+00:00,flexible_1,0.978789005281996,0.9655172413793104,0.9310344827586207,0.6993130430787285,0.7851553590634238,0.9482758620689655,0.9503042596348885,0.7422342010710762,2.0
FRA,France,2012,68342.0,5448.0,32530.0,165.637421231217,Estimated value,Estimated value,Estimated value,https://api.data.apps.fao.org/api/v2/bigquery?download=true&item_code=2905&sql_url=https%3A%2F%2Fdata.apps.fao.org%2Fcatalog%2Fdataset%2F5c00a4e6-0ec8-4191-a0c0-a7cd5fda3674%2Fresource%2F91b9d43c-55c4-4a2a-9b25-78f2fabba28b%2Fdownload%2Ffct-fbs-food-balances.query.sql,2026-08-28T13:34:11+00:00,68341730.6,65657659.0,2026-07-13,2026-08-28T11:25:50+00:00,flexible_1,1.0408797943892576,0.9655172413793104,0.9655172413793104,0.28064851150657755,0.9158482169116723,0.9655172413793104,0.9655172413793104,0.598248364209125,1.0
FRA,France,2013,67538.0,5326.0,37634.0,191.70593244394,Estimated value,Estimated value,Estimated value,https://api.data.apps.fao.org/api/v2/bigquery?download=true&item_code=2905&sql_url=https%3A%2F%2Fdata.apps.fao.org%2Fcatalog%2Fdataset%2F5c00a4e6-0ec8-4191-a0c0-a7cd5fda3674%2Fresource%2F91b9d43c-55c4-4a2a-9b25-78f2fabba28b%2Fdownload%2Ffct-fbs-food-balances.query.sql,2026-08-28T13:34:11+00:00,67537680.9,65997932.0,2026-07-13,2026-08-28T11:25:50+00:00,flexible_1,1.023330259802686,0.9655172413793104,0.9310344827586207,0.7592802115887054,0.7391029625449747,0.9482758620689655,0.9503042596348885,0.74919158706684,2.0
FRA,France,2014,72579.0,5671.0,36717.0,174.750198637228,Estimated value,Estimated value,Estimated value,https://api.data.apps.fao.org/api/v2/bigquery?download=true&item_code=2905&sql_url=https%3A%2F%2Fdata.apps.fao.org%2Fcatalog%2Fdataset%2F5c00a4e6-0ec8-4191-a0c0-a7cd5fda3674%2Fresource%2F91b9d43c-55c4-4a2a-9b25-78f2fabba28b%2Fdownload%2Ffct-fbs-food-balances.query.sql,2026-08-28T13:34:11+00:00,72801345.0,66312067.0,2026-07-13,2026-08-28T11:25:50+00:00,flexible_1,1.0978596851761535,0.9655172413793104,0.9310344827586207,0.9269927727193317,0.7853524863199689,0.9482758620689655,0.9503042596348885,0.8561726295196503,2.0
FRA,France,2015,72876.0,5644.0,39633.0,187.404531077224,Estimated value,Estimated value,Estimated value,https://api.data.apps.fao.org/api/v2/bigquery?download=true&item_code=2905&sql_url=https%3A%2F%2Fdata.apps.fao.org%2Fcatalog%2Fdataset%2F5c00a4e6-0ec8-4191-a0c0-a7cd5fda3674%2Fresource%2F91b9d43c-55c4-4a2a-9b25-78f2fabba28b%2Fdownload%2Ffct-fbs-food-balances.query.sql,2026-08-28T13:34:11+00:00,73072833.8,66548272.0,2026-07-13,2026-08-28T11:25:50+00:00,flexible_1,1.0980425427124538,1.0,0.9310344827586207,1.0,0.8128530967274625,0.9655172413793103,0.9695740365111563,0.9064265483637313,2.0
FRA,France,2016,54399.0,6109.0,34478.0,208.985785631963,Estimated value,Estimated value,Estimated value,https://api.data.apps.fao.org/api/v2/bigquery?download=true&item_code=2905&sql_url=https%3A%2F%2Fdata.apps.fao.org%2Fcatalog%2Fdataset%2F5c00a4e6-0ec8-4191-a0c0-a7cd5fda3674%2Fresource%2F91b9d43c-55c4-4a2a-9b25-78f2fabba28b%2Fdownload%2Ffct-fbs-food-balances.query.sql,2026-08-28T13:34:11+00:00,54616263.89,66724104.0,2026-07-13,2026-08-28T11:25:50+00:00,flexible_1,0.8185387381147898,0.9655172413793104,0.9310344827586207,0.6684196121924946,0.5144193089030135,0.9482758620689655,0.9503042596348885,0.5914194605477541,2.0
FRA,France,2017,68730.0,6317.0,30032.0,152.682439186938,Estimated value,Estimated value,Estimated value,https://api.data.apps.fao.org/api/v2/bigquery?download=true&item_code=2905&sql_url=https%3A%2F%2Fdata.apps.fao.org%2Fcatalog%2Fdataset%2F5c00a4e6-0ec8-4191-a0c0-a7cd5fda3674%2Fresource%2F91b9d43c-55c4-4a2a-9b25-78f2fabba28b%2Fdownload%2Ffct-fbs-food-balances.query.sql,2026-08-28T13:34:11+00:00,68730244.14,66918020.0,2026-07-13,2026-08-28T11:25:50+00:00,flexible_1,1.0270812576343413,0.9310344827586207,0.9310344827586207,0.6484030194164417,0.584915821220295,0.9310344827586207,0.9310344827586208,0.6166594203183684,2.0
FRA,France,2018,62748.0,5789.0,35053.0,187.396965714968,Estimated value,Estimated value,Estimated value,https://api.data.apps.fao.org/api/v2/bigquery?download=true&item_code=2905&sql_url=https%3A%2F%2Fdata.apps.fao.org%2Fcatalog%2Fdataset%2F5c00a4e6-0ec8-4191-a0c0-a7cd5fda3674%2Fresource%2F91b9d43c-55c4-4a2a-9b25-78f2fabba28b%2Fdownload%2Ffct-fbs-food-balances.query.sql,2026-08-28T13:34:11+00:00,61839480.0,67158348.0,2026-07-13,2026-08-28T11:25:50+00:00,flexible_1,0.9208010893895127,0.9310344827586207,0.9310344827586207,0.8037891743555319,0.5641321437051158,0.9310344827586207,0.9310344827586208,0.6839606590303238,3.0
FRA,France,2019,70379.0,6175.0,35694.0,172.24424865394,Estimated value,Estimated value,Estimated value,https://api.data.apps.fao.org/api/v2/bigquery?download=true&item_code=2905&sql_url=https%3A%2F%2Fdata.apps.fao.org%2Fcatalog%2Fdataset%2F5c00a4e6-0ec8-4191-a0c0-a7cd5fda3674%2Fresource%2F91b9d43c-55c4-4a2a-9b25-78f2fabba28b%2Fdownload%2Ffct-fbs-food-balances.query.sql,2026-08-28T13:34:11+00:00,70378890.0,67382061.0,2026-07-13,2026-08-28T11:25:50+00:00,flexible_1,1.0444751756702721,0.9655172413793104,0.9310344827586207,0.6266396280177705,0.5503793065521415,0.9482758620689655,0.9503042596348885,0.588509467284956,2.0
FRA,France,2020,56850.0,5996.0,35598.0,208.639166177334,Estimated value,Estimated value,Estimated value,https://api.data.apps.fao.org/api/v2/bigquery?download=true&item_code=2905&sql_url=https%3A%2F%2Fdata.apps.fao.org%2Fcatalog%2Fdataset%2F5c00a4e6-0ec8-4191-a0c0-a7cd5fda3674%2Fresource%2F91b9d43c-55c4-4a2a-9b25-78f2fabba28b%2Fdownload%2Ffct-fbs-food-balances.query.sql,2026-08-28T13:34:11+00:00,57085160.0,67601110.0,2026-07-13,2026-08-28T11:25:50+00:00,flexible_1,0.844441163761956,0.9655172413793104,0.896551724137931,0.8224789735198764,0.4450141590044843,0.9310344827586208,0.9350912778904665,0.6337465662621804,2.0
FRA,France,2021,66877.0,6162.0,32052.0,163.166369824579,Estimated value,Estimated value,Estimated value,https://api.data.apps.fao.org/api/v2/bigquery?download=true&item_code=2905&sql_url=https%3A%2F%2Fdata.apps.fao.org%2Fcatalog%2Fdataset%2F5c00a4e6-0ec8-4191-a0c0-a7cd5fda3674%2Fresource%2F91b9d43c-55c4-4a2a-9b25-78f2fabba28b%2Fdownload%2Ffct-fbs-food-balances.query.sql,2026-08-28T13:34:11+00:00,66877140.0,67842811.0,2026-07-13,2026-08-28T11:25:50+00:00,flexible_1,0.985766052647789,0.9655172413793104,0.9310344827586207,0.6137549612957643,0.47435469065505803,0.9482758620689655,0.9503042596348885,0.5440548259754112,2.0
FRA,France,2022,59927.0,6460.0,36271.0,198.987249302696,Estimated value,Estimated value,Estimated value,https://api.data.apps.fao.org/api/v2/bigquery?download=true&item_code=2905&sql_url=https%3A%2F%2Fdata.apps.fao.org%2Fcatalog%2Fdataset%2F5c00a4e6-0ec8-4191-a0c0-a7cd5fda3674%2Fresource%2F91b9d43c-55c4-4a2a-9b25-78f2fabba28b%2Fdownload%2Ffct-fbs-food-balances.query.sql,2026-08-28T13:34:11+00:00,59927490.0,68184457.0,2026-07-13,2026-08-28T11:25:50+00:00,flexible_1,0.8789025041293502,0.9655172413793104,0.896551724137931,0.7528511081195866,0.47530551406742516,0.9310344827586208,0.9350912778904665,0.6140783110935059,2.0
FRA,France,2023,64241.0,6184.0,29079.0,155.374159531756,Estimated value,Estimated value,Estimated value,https://api.data.apps.fao.org/api/v2/bigquery?download=true&item_code=2905&sql_url=https%3A%2F%2Fdata.apps.fao.org%2Fcatalog%2Fdataset%2F5c00a4e6-0ec8-4191-a0c0-a7cd5fda3674%2Fresource%2F91b9d43c-55c4-4a2a-9b25-78f2fabba28b%2Fdownload%2Ffct-fbs-food-balances.query.sql,2026-08-28T13:34:11+00:00,64240810.0,68372286.0,2026-07-13,2026-08-28T11:25:50+00:00,flexible_1,0.9395738208899437,0.9655172413793104,0.896551724137931,0.727660071735474,0.6443426064681854,0.9310344827586208,0.9350912778904665,0.6860013391018297,2.0
GBR,United Kingdom,2010,20949.0,8169.0,6339.0,91.966284735941,Estimated value,Estimated value,Estimated value,https://api.data.apps.fao.org/api/v2/bigquery?download=true&item_code=2905&sql_url=https%3A%2F%2Fdata.apps.fao.org%2Fcatalog%2Fdataset%2F5c00a4e6-0ec8-4191-a0c0-a7cd5fda3674%2Fresource%2F91b9d43c-55c4-4a2a-9b25-78f2fabba28b%2Fdownload%2Ffct-fbs-food-balances.query.sql,2026-08-28T13:34:11+00:00,20946145.0,62766365.0,2026-07-13,2026-08-28T11:25:50+00:00,category_2,0.3337160754808726,0.5517241379310345,0.5862068965517241,0.24393045684949882,0.2350893441996424,0.5689655172413792,0.5669371196754563,0.2395099005245706,13.0
GBR,United Kingdom,2011,21485.0,8549.0,5344.0,87.0190360469826,Estimated value,Estimated value,Estimated value,https://api.data.apps.fao.org/api/v2/bigquery?download=true&item_code=2905&sql_url=https%3A%2F%2Fdata.apps.fao.org%2Fcatalog%2Fdataset%2F5c00a4e6-0ec8-4191-a0c0-a7cd5fda3674%2Fresource%2F91b9d43c-55c4-4a2a-9b25-78f2fabba28b%2Fdownload%2Ffct-fbs-food-balances.query.sql,2026-08-28T13:34:11+00:00,21484952.0,63258810.0,2026-07-13,2026-08-28T11:25:50+00:00,category_2,0.33963572820924076,0.4482758620689655,0.5862068965517241,0.2598438346250864,0.2520221603730624,0.5172413793103448,0.5091277890466531,0.2559329974990744,15.0
GBR,United Kingdom,2012,19518.0,11895.0,4560.0,72.6846162439951,Estimated value,Estimated value,Estimated value,https://api.data.apps.fao.org/api/v2/bigquery?download=true&item_code=2905&sql_url=https%3A%2F%2Fdata.apps.fao.org%2Fcatalog%2Fdataset%2F5c00a4e6-0ec8-4191-a0c0-a7cd5fda3674%2Fresource%2F91b9d43c-55c4-4a2a-9b25-78f2fabba28b%2Fdownload%2Ffct-fbs-food-balances.query.sql,2026-08-28T13:34:11+00:00,19515045.0,63711000.0,2026-07-13,2026-08-28T11:25:50+00:00,category_2,0.3063057399821067,0.2413793103448276,0.5172413793103449,0.09596678319873798,0.24629311141101276,0.37931034482758624,0.3630831643002028,0.17112994730487538,20.0
GBR,United Kingdom,2013,20098.0,13620.0,3606.0,66.7441551540914,Estimated value,Estimated value,Estimated value,https://api.data.apps.fao.org/api/v2/bigquery?download=true&item_code=2905&sql_url=https%3A%2F%2Fdata.apps.fao.org%2Fcatalog%2Fdataset%2F5c00a4e6-0ec8-4191-a0c0-a7cd5fda3674%2Fresource%2F91b9d43c-55c4-4a2a-9b25-78f2fabba28b%2Fdownload%2Ffct-fbs-food-balances.query.sql,2026-08-28T13:34:11+00:00,20083467.0,64138000.0,2026-07-13,2026-08-28T11:25:50+00:00,category_2,0.3131289874957124,0.1724137931034483,0.5862068965517241,0.18775960410245263,0.20652739963276115,0.3793103448275862,0.35496957403651114,0.19714350186760687,20.5
GBR,United Kingdom,2014,24506.0,10789.0,4532.0,79.6606312778338,Estimated value,Estimated value,Estimated value,https://api.data.apps.fao.org/api/v2/bigquery?download=true&item_code=2905&sql_url=https%3A%2F%2Fdata.apps.fao.org%2Fcatalog%2Fdataset%2F5c00a4e6-0ec8-4191-a0c0-a7cd5fda3674%2Fresource%2F91b9d43c-55c4-4a2a-9b25-78f2fabba28b%2Fdownload%2Ffct-fbs-food-balances.query.sql,2026-08-28T13:34:11+00:00,24468841.0,64619000.0,2026-07-13,2026-08-28T11:25:50+00:00,category_2,0.37866325693681424,0.3793103448275862,0.6206896551724138,0.3581488489207944,0.2516712001623542,0.5,0.4858012170385395,0.30491002454157434,13.5
GBR,United Kingdom,2015,24794.0,10009.0,5988.0,86.0454624327607,Estimated value,Estimated value,Estimated value,https://api.data.apps.fao.org/api/v2/bigquery?download=true&item_code=2905&sql_url=https%3A%2F%2Fdata.apps.fao.org%2Fcatalog%2Fdataset%2F5c00a4e6-0ec8-4191-a0c0-a7cd5fda3674%2Fresource%2F91b9d43c-55c4-4a2a-9b25-78f2fabba28b%2Fdownload%2Ffct-fbs-food-balances.query.sql,2026-08-28T13:34:11+00:00,24734564.0,65087000.0,2026-07-13,2026-08-28T11:25:50+00:00,category_2,0.3800231075329943,0.4482758620689655,0.6206896551724138,0.37174641761381877,0.2620006370259227,0.5344827586206897,0.524340770791075,0.31687352731987073,12.0
GBR,United Kingdom,2016,22010.0,9612.0,7008.0,89.4206549118388,Estimated value,Estimated value,Estimated value,https://api.data.apps.fao.org/api/v2/bigquery?download=true&item_code=2905&sql_url=https%3A%2F%2Fdata.apps.fao.org%2Fcatalog%2Fdataset%2F5c00a4e6-0ec8-4191-a0c0-a7cd5fda3674%2Fresource%2F91b9d43c-55c4-4a2a-9b25-78f2fabba28b%2Fdownload%2Ffct-fbs-food-balances.query.sql,2026-08-28T13:34:11+00:00,21964131.0,65606000.0,2026-07-13,2026-08-28T11:25:50+00:00,category_2,0.33478844922720485,0.5862068965517241,0.5862068965517241,0.2312480924167301,0.19509840942213963,0.5862068965517241,0.5862068965517241,0.21317325091943487,11.5
GBR,United Kingdom,2017,23031.0,10907.0,4188.0,77.4151260504202,Estimated value,Estimated value,Estimated value,https://api.data.apps.fao.org/api/v2/bigquery?download=true&item_code=2905&sql_url=https%3A%2F%2Fdata.apps.fao.org%2Fcatalog%2Fdataset%2F5c00a4e6-0ec8-4191-a0c0-a7cd5fda3674%2Fresource%2F91b9d43c-55c4-4a2a-9b25-78f2fabba28b%2Fdownload%2Ffct-fbs-food-balances.query.sql,2026-08-28T13:34:11+00:00,23000066.0,65964000.0,2026-07-13,2026-08-28T11:25:50+00:00,category_2,0.3486760354132557,0.3793103448275862,0.6206896551724138,0.2645109929342436,0.18302410833668725,0.5,0.4858012170385395,0.22376755063546544,16.0
GBR,United Kingdom,2018,21098.0,11193.0,3581.0,73.4865900383142,Estimated value,Estimated value,Estimated value,https://api.data.apps.fao.org/api/v2/bigquery?download=true&item_code=2905&sql_url=https%3A%2F%2Fdata.apps.fao.org%2Fcatalog%2Fdataset%2F5c00a4e6-0ec8-4191-a0c0-a7cd5fda3674%2Fresource%2F91b9d43c-55c4-4a2a-9b25-78f2fabba28b%2Fdownload%2Ffct-fbs-food-balances.query.sql,2026-08-28T13:34:11+00:00,21084346.0,66287000.0,2026-07-13,2026-08-28T11:25:50+00:00,category_2,0.3180766364445517,0.3448275862068966,0.5862068965517241,0.2392582668305185,0.17843300611541543,0.46551724137931033,0.4513184584178499,0.20884563647296697,17.5
GBR,United Kingdom,2019,25531.0,10600.0,5077.0,82.2148515489148,Estimated value,Estimated value,Estimated value,https://api.data.apps.fao.org/api/v2/bigquery?download=true&item_code=2905&sql_url=https%3A%2F%2Fdata.apps.fao.org%2Fcatalog%2Fdataset%2F5c00a4e6-0ec8-4191-a0c0-a7cd5fda3674%2Fresource%2F91b9d43c-55c4-4a2a-9b25-78f2fabba28b%2Fdownload%2Ffct-fbs-food-balances.query.sql,2026-08-28T13:34:11+00:00,25517303.0,66628000.0,2026-07-13,2026-08-28T11:25:50+00:00,category_2,0.3829816743711353,0.41379310344827586,0.6206896551724138,0.24693715669318045,0.1884770795724736,0.5172413793103449,0.5050709939148073,0.217707118132827,15.0
GBR,United Kingdom,2020,18973.0,12703.0,4391.0,69.5363752977827,Estimated value,Estimated value,Estimated value,https://api.data.apps.fao.org/api/v2/bigquery?download=true&item_code=2905&sql_url=https%3A%2F%2Fdata.apps.fao.org%2Fcatalog%2Fdataset%2F5c00a4e6-0ec8-4191-a0c0-a7cd5fda3674%2Fresource%2F91b9d43c-55c4-4a2a-9b25-78f2fabba28b%2Fdownload%2Ffct-fbs-food-balances.query.sql,2026-08-28T13:34:11+00:00,18961989.0,66740000.0,2026-07-13,2026-08-28T11:25:50+00:00,category_2,0.2841173059634402,0.3103448275862069,0.4827586206896552,0.20933679635702315,0.1355219961110425,0.39655172413793105,0.38640973630831643,0.1724293962340328,20.0
GBR,United Kingdom,2021,22381.0,11502.0,3162.0,72.8524462094333,Estimated value,Estimated value,Estimated value,https://api.data.apps.fao.org/api/v2/bigquery?download=true&item_code=2905&sql_url=https%3A%2F%2Fdata.apps.fao.org%2Fcatalog%2Fdataset%2F5c00a4e6-0ec8-4191-a0c0-a7cd5fda3674%2Fresource%2F91b9d43c-55c4-4a2a-9b25-78f2fabba28b%2Fdownload%2Ffct-fbs-food-balances.query.sql,2026-08-28T13:34:11+00:00,22369109.0,66978000.0,2026-07-13,2026-08-28T11:25:50+00:00,category_2,0.3339769625847293,0.3448275862068966,0.5862068965517241,0.2185397475443077,0.1477379072105778,0.46551724137931033,0.4513184584178499,0.18313882737744275,17.0
GBR,United Kingdom,2022,24372.0,11396.0,4049.0,76.8372268987042,Estimated value,Estimated value,Estimated value,https://api.data.apps.fao.org/api/v2/bigquery?download=true&item_code=2905&sql_url=https%3A%2F%2Fdata.apps.fao.org%2Fcatalog%2Fdataset%2F5c00a4e6-0ec8-4191-a0c0-a7cd5fda3674%2Fresource%2F91b9d43c-55c4-4a2a-9b25-78f2fabba28b%2Fdownload%2Ffct-fbs-food-balances.query.sql,2026-08-28T13:34:11+00:00,24362311.0,67636000.0,2026-07-13,2026-08-28T11:25:50+00:00,category_2,0.3601973948784671,0.3793103448275862,0.5862068965517241,0.23336918597495482,0.18162526888508176,0.48275862068965514,0.47058823529411764,0.2074972274300183,18.0
GBR,United Kingdom,2023,22055.0,11013.0,4173.0,76.3280844436754,Estimated value,Estimated value,Estimated value,https://api.data.apps.fao.org/api/v2/bigquery?download=true&item_code=2905&sql_url=https%3A%2F%2Fdata.apps.fao.org%2Fcatalog%2Fdataset%2F5c00a4e6-0ec8-4191-a0c0-a7cd5fda3674%2Fresource%2F91b9d43c-55c4-4a2a-9b25-78f2fabba28b%2Fdownload%2Ffct-fbs-food-balances.query.sql,2026-08-28T13:34:11+00:00,22047420.0,68526000.0,2026-07-13,2026-08-28T11:25:50+00:00,category_2,0.32173802644251814,0.3793103448275862,0.5862068965517241,0.2962720494750459,0.20191397020441523,0.48275862068965514,0.47058823529411764,0.24909300983973054,17.0
IDN,Indonesia,2010,77652.0,9345.0,336.0,89.60432028248,Estimated value,Estimated value,Estimated value,https://api.data.apps.fao.org/api/v2/bigquery?download=true&item_code=2905&sql_url=https%3A%2F%2Fdata.apps.fao.org%2Fcatalog%2Fdataset%2F5c00a4e6-0ec8-4191-a0c0-a7cd5fda3674%2Fresource%2F91b9d43c-55c4-4a2a-9b25-78f2fabba28b%2Fdownload%2Ffct-fbs-food-balances.query.sql,2026-08-28T13:34:11+00:00,77610636.0,246305322.0,2026-07-13,2026-08-28T11:25:50+00:00,unclassified,0.31509930589319546,0.4482758620689655,0.5517241379310345,0.2350695134293257,0.22029959701384416,0.5,0.49391480730223125,0.22768455522158493,15.5
IDN,Indonesia,2011,75947.0,14823.0,324.0,83.9694403290361,Estimated value,Estimated value,Estimated value,https://api.data.apps.fao.org/api/v2/bigquery?download=true&item_code=2905&sql_url=https%3A%2F%2Fdata.apps.fao.org%2Fcatalog%2Fdataset%2F5c00a4e6-0ec8-4191-a0c0-a7cd5fda3674%2Fresource%2F91b9d43c-55c4-4a2a-9b25-78f2fabba28b%2Fdownload%2Ffct-fbs-food-balances.query.sql,2026-08-28T13:34:11+00:00,75902250.0,249470032.0,2026-07-13,2026-08-28T11:25:50+00:00,unclassified,0.3042539794920137,0.41379310344827586,0.5172413793103449,0.24674067682922385,0.22250938848325066,0.4655172413793104,0.4594320486815416,0.23462503265623724,17.0
IDN,Indonesia,2012,79138.0,12055.0,369.0,87.1333568219854,Estimated value,Estimated value,Estimated value,https://api.data.apps.fao.org/api/v2/bigquery?download=true&item_code=2905&sql_url=https%3A%2F%2Fdata.apps.fao.org%2Fcatalog%2Fdataset%2F5c00a4e6-0ec8-4191-a0c0-a7cd5fda3674%2Fresource%2F91b9d43c-55c4-4a2a-9b25-78f2fabba28b%2Fdownload%2Ffct-fbs-food-balances.query.sql,2026-08-28T13:34:11+00:00,79092022.0,252698525.0,2026-07-13,2026-08-28T11:25:50+00:00,unclassified,0.3129896464571766,0.4827586206896552,0.5862068965517241,0.12467402212694124,0.25238540895163825,0.5344827586206896,0.5283975659229209,0.18852971553928974,15.0
IDN,Indonesia,2013,78652.0,11442.0,382.0,87.6716604244694,Estimated value,Estimated value,Estimated value,https://api.data.apps.fao.org/api/v2/bigquery?download=true&item_code=2905&sql_url=https%3A%2F%2Fdata.apps.fao.org%2Fcatalog%2Fdataset%2F5c00a4e6-0ec8-4191-a0c0-a7cd5fda3674%2Fresource%2F91b9d43c-55c4-4a2a-9b25-78f2fabba28b%2Fdownload%2Ffct-fbs-food-balances.query.sql,2026-08-28T13:34:11+00:00,78606853.0,255852467.0,2026-07-13,2026-08-28T11:25:50+00:00,unclassified,0.3072350793475054,0.4482758620689655,0.5517241379310345,0.2834728756699323,0.2021075941886117,0.5,0.49391480730223125,0.242790234929272,15.0
IDN,Indonesia,2014,78120.0,12736.0,421.0,86.3824846574888,Estimated value,Estimated value,Estimated value,https://api.data.apps.fao.org/api/v2/bigquery?download=true&item_code=2905&sql_url=https%3A%2F%2Fdata.apps.fao.org%2Fcatalog%2Fdataset%2F5c00a4e6-0ec8-4191-a0c0-a7cd5fda3674%2Fresource%2F91b9d43c-55c4-4a2a-9b25-78f2fabba28b%2Fdownload%2Ffct-fbs-food-balances.query.sql,2026-08-28T13:34:11+00:00,78067426.0,258877399.0,2026-07-13,2026-08-28T11:25:50+00:00,unclassified,0.30156138118492143,0.4482758620689655,0.4827586206896552,0.39836025757333,0.19445758424219667,0.4655172413793104,0.46348884381338745,0.29640892090776333,16.5
IDN,Indonesia,2015,80694.0,12861.0,650.0,86.856466282762,Estimated value,Estimated value,Estimated value,https://api.data.apps.fao.org/api/v2/bigquery?download=true&item_code=2905&sql_url=https%3A%2F%2Fdata.apps.fao.org%2Fcatalog%2Fdataset%2F5c00a4e6-0ec8-4191-a0c0-a7cd5fda3674%2Fresource%2F91b9d43c-55c4-4a2a-9b25-78f2fabba28b%2Fdownload%2Ffct-fbs-food-balances.query.sql,2026-08-28T13:34:11+00:00,80643435.0,261799249.0,2026-07-13,2026-08-28T11:25:50+00:00,unclassified,0.3080353947081032,0.4827586206896552,0.5517241379310345,0.37677326011450835,0.20677287196136257,0.5172413793103449,0.513184584178499,0.29177306603793546,13.5
IDN,Indonesia,2016,77667.0,14543.0,518.0,84.7042271953933,Estimated value,Estimated value,Estimated value,https://api.data.apps.fao.org/api/v2/bigquery?download=true&item_code=2905&sql_url=https%3A%2F%2Fdata.apps.fao.org%2Fcatalog%2Fdataset%2F5c00a4e6-0ec8-4191-a0c0-a7cd5fda3674%2Fresource%2F91b9d43c-55c4-4a2a-9b25-78f2fabba28b%2Fdownload%2Ffct-fbs-food-balances.query.sql,2026-08-28T13:34:11+00:00,77609413.0,264627418.0,2026-07-13,2026-08-28T11:25:50+00:00,unclassified,0.2932780495179075,0.4482758620689655,0.4827586206896552,0.21400319952619798,0.1676976233606688,0.4655172413793104,0.46348884381338745,0.1908504114434334,16.5
IDN,Indonesia,2017,80459.0,12213.0,596.0,87.3832486207046,Estimated value,Estimated value,Estimated value,https://api.data.apps.fao.org/api/v2/bigquery?download=true&item_code=2905&sql_url=https%3A%2F%2Fdata.apps.fao.org%2Fcatalog%2Fdataset%2F5c00a4e6-0ec8-4191-a0c0-a7cd5fda3674%2Fresource%2F91b9d43c-55c4-4a2a-9b25-78f2fabba28b%2Fdownload%2Ffct-fbs-food-balances.query.sql,2026-08-28T13:34:11+00:00,80416000.0,267346658.0,2026-07-13,2026-08-28T11:25:50+00:00,unclassified,0.3007929876572461,0.5172413793103449,0.4827586206896552,0.31535222286879283,0.1546578761049446,0.5,0.502028397565923,0.23500504948686873,16.0
IDN,Indonesia,2018,78087.0,15659.0,909.0,84.111938128117,Estimated value,Estimated value,Estimated value,https://api.data.apps.fao.org/api/v2/bigquery?download=true&item_code=2905&sql_url=https%3A%2F%2Fdata.apps.fao.org%2Fcatalog%2Fdataset%2F5c00a4e6-0ec8-4191-a0c0-a7cd5fda3674%2Fresource%2F91b9d43c-55c4-4a2a-9b25-78f2fabba28b%2Fdownload%2Ffct-fbs-food-balances.query.sql,2026-08-28T13:34:11+00:00,78040534.0,269951846.0,2026-07-13,2026-08-28T11:25:50+00:00,unclassified,0.28909057358326046,0.41379310344827586,0.5172413793103449,0.2919166604515916,0.1598840665575545,0.4655172413793104,0.4594320486815416,0.22590036350457304,15.5
IDN,Indonesia,2019,74310.0,13867.0,599.0,84.8500765032314,Estimated value,Estimated value,Estimated value,https://api.data.apps.fao.org/api/v2/bigquery?download=true&item_code=2905&sql_url=https%3A%2F%2Fdata.apps.fao.org%2Fcatalog%2Fdataset%2F5c00a4e6-0ec8-4191-a0c0-a7cd5fda3674%2Fresource%2F91b9d43c-55c4-4a2a-9b25-78f2fabba28b%2Fdownload%2Ffct-fbs-food-balances.query.sql,2026-08-28T13:34:11+00:00,74254033.0,272489381.0,2026-07-13,2026-08-28T11:25:50+00:00,unclassified,0.27250248331695537,0.4827586206896552,0.4482758620689655,0.2580513200645399,0.12803405904559592,0.4655172413793104,0.46754563894523327,0.19304268955506793,16.0
IDN,Indonesia,2020,71577.0,12972.0,709.0,85.3733301526718,Estimated value,Estimated value,Estimated value,https://api.data.apps.fao.org/api/v2/bigquery?download=true&item_code=2905&sql_url=https%3A%2F%2Fdata.apps.fao.org%2Fcatalog%2Fdataset%2F5c00a4e6-0ec8-4191-a0c0-a7cd5fda3674%2Fresource%2F91b9d43c-55c4-4a2a-9b25-78f2fabba28b%2Fdownload%2Ffct-fbs-food-balances.query.sql,2026-08-28T13:34:11+00:00,71575202.24,274814866.0,2026-07-13,2026-08-28T11:25:50+00:00,unclassified,0.2604488006118271,0.4827586206896552,0.41379310344827586,0.27914348332540073,0.12244881207332162,0.4482758620689655,0.4523326572008114,0.20079614769936116,17.5
IDN,Indonesia,2021,71434.0,14047.0,731.0,84.2879056047198,Estimated value,Estimated value,Estimated value,https://api.data.apps.fao.org/api/v2/bigquery?download=true&item_code=2905&sql_url=https%3A%2F%2Fdata.apps.fao.org%2Fcatalog%2Fdataset%2F5c00a4e6-0ec8-4191-a0c0-a7cd5fda3674%2Fresource%2F91b9d43c-55c4-4a2a-9b25-78f2fabba28b%2Fdownload%2Ffct-fbs-food-balances.query.sql,2026-08-28T13:34:11+00:00,72561911.22,276758053.0,2026-07-13,2026-08-28T11:25:50+00:00,unclassified,0.26218536528004843,0.5172413793103449,0.41379310344827586,0.26858150576215506,0.1117625572891367,0.4655172413793104,0.47160243407707914,0.19017203152564588,16.0
IDN,Indonesia,2022,71278.0,12165.0,926.0,86.3797762885224,Estimated value,Estimated value,Estimated value,https://api.data.apps.fao.org/api/v2/bigquery?download=true&item_code=2905&sql_url=https%3A%2F%2Fdata.apps.fao.org%2Fcatalog%2Fdataset%2F5c00a4e6-0ec8-4191-a0c0-a7cd5fda3674%2Fresource%2F91b9d43c-55c4-4a2a-9b25-78f2fabba28b%2Fdownload%2Ffct-fbs-food-balances.query.sql,2026-08-28T13:34:11+00:00,77105730.08,278830529.0,2026-07-13,2026-08-28T11:25:50+00:00,unclassified,0.2765325961849751,0.5172413793103449,0.4827586206896552,0.2739519202358438,0.13425596760921568,0.5,0.502028397565923,0.20410394392252973,15.0
IDN,Indonesia,2023,68757.0,17747.0,860.0,80.2823315118397,Estimated value,Estimated value,Estimated value,https://api.data.apps.fao.org/api/v2/bigquery?download=true&item_code=2905&sql_url=https%3A%2F%2Fdata.apps.fao.org%2Fcatalog%2Fdataset%2F5c00a4e6-0ec8-4191-a0c0-a7cd5fda3674%2Fresource%2F91b9d43c-55c4-4a2a-9b25-78f2fabba28b%2Fdownload%2Ffct-fbs-food-balances.query.sql,2026-08-28T13:34:11+00:00,73966646.0,281190067.0,2026-07-13,2026-08-28T11:25:50+00:00,unclassified,0.2630485734761036,0.41379310344827586,0.4827586206896552,0.3178520560770652,0.15988679263983174,0.4482758620689655,0.44421906693711966,0.23886942435844846,18.0
IND,India,2010,267944.0,494.0,6670.0,102.359341095932,Estimated value,Estimated value,Estimated value,https://api.data.apps.fao.org/api/v2/bigquery?download=true&item_code=2905&sql_url=https%3A%2F%2Fdata.apps.fao.org%2Fcatalog%2Fdataset%2F5c00a4e6-0ec8-4191-a0c0-a7cd5fda3674%2Fresource%2F91b9d43c-55c4-4a2a-9b25-78f2fabba28b%2Fdownload%2Ffct-fbs-food-balances.query.sql,2026-08-28T13:34:11+00:00,263964188.06,1243481564.0,2026-07-13,2026-08-28T11:25:50+00:00,category_3,0.2122783286073713,0.6896551724137931,0.3103448275862069,0.28292015639116946,0.1386153793362174,0.5,0.5223123732251521,0.21076776786369344,15.5
IND,India,2011,287957.0,406.0,12938.0,104.550058999728,Estimated value,Estimated value,Estimated value,https://api.data.apps.fao.org/api/v2/bigquery?download=true&item_code=2905&sql_url=https%3A%2F%2Fdata.apps.fao.org%2Fcatalog%2Fdataset%2F5c00a4e6-0ec8-4191-a0c0-a7cd5fda3674%2Fresource%2F91b9d43c-55c4-4a2a-9b25-78f2fabba28b%2Fdownload%2Ffct-fbs-food-balances.query.sql,2026-08-28T13:34:11+00:00,291776685.45,1261224954.0,2026-07-13,2026-08-28T11:25:50+00:00,category_3,0.231343888752458,0.7241379310344828,0.3448275862068966,0.3351691502795141,0.1616933193381352,0.5344827586206897,0.5567951318458418,0.24843123480882465,13.5
IND,India,2012,293388.0,835.0,25867.0,109.327907704691,Estimated value,Estimated value,Estimated value,https://api.data.apps.fao.org/api/v2/bigquery?download=true&item_code=2905&sql_url=https%3A%2F%2Fdata.apps.fao.org%2Fcatalog%2Fdataset%2F5c00a4e6-0ec8-4191-a0c0-a7cd5fda3674%2Fresource%2F91b9d43c-55c4-4a2a-9b25-78f2fabba28b%2Fdownload%2Ffct-fbs-food-balances.query.sql,2026-08-28T13:34:11+00:00,292416126.14,1278674502.0,2026-07-13,2026-08-28T11:25:50+00:00,category_3,0.22868691420891413,0.7241379310344828,0.3448275862068966,0.16877089490660432,0.17554451803556267,0.5344827586206897,0.5567951318458418,0.1721577064710835,14.0
IND,India,2013,295015.0,536.0,30480.0,111.296596006353,Estimated value,Estimated value,Estimated value,https://api.data.apps.fao.org/api/v2/bigquery?download=true&item_code=2905&sql_url=https%3A%2F%2Fdata.apps.fao.org%2Fcatalog%2Fdataset%2F5c00a4e6-0ec8-4191-a0c0-a7cd5fda3674%2Fresource%2F91b9d43c-55c4-4a2a-9b25-78f2fabba28b%2Fdownload%2Ffct-fbs-food-balances.query.sql,2026-08-28T13:34:11+00:00,291510218.44,1295829511.0,2026-07-13,2026-08-28T11:25:50+00:00,category_3,0.22496031766944377,0.7241379310344828,0.3103448275862069,0.3915230157080619,0.14041025679603322,0.5172413793103449,0.5415821501014199,0.2659666362520476,14.0
IND,India,2014,296111.0,427.0,26369.0,109.602137921079,Estimated value,Estimated value,Estimated value,https://api.data.apps.fao.org/api/v2/bigquery?download=true&item_code=2905&sql_url=https%3A%2F%2Fdata.apps.fao.org%2Fcatalog%2Fdataset%2F5c00a4e6-0ec8-4191-a0c0-a7cd5fda3674%2Fresource%2F91b9d43c-55c4-4a2a-9b25-78f2fabba28b%2Fdownload%2Ffct-fbs-food-balances.query.sql,2026-08-28T13:34:11+00:00,298698863.38,1312277191.0,2026-07-13,2026-08-28T11:25:50+00:00,category_3,0.22761872676639397,0.7586206896551724,0.3103448275862069,0.5372646509625725,0.13958827543793298,0.5344827586206896,0.5608519269776876,0.3384264632002527,12.0
IND,India,2015,285945.0,887.0,19448.0,106.941701822099,Estimated value,Estimated value,Estimated value,https://api.data.apps.fao.org/api/v2/bigquery?download=true&item_code=2905&sql_url=https%3A%2F%2Fdata.apps.fao.org%2Fcatalog%2Fdataset%2F5c00a4e6-0ec8-4191-a0c0-a7cd5fda3674%2Fresource%2F91b9d43c-55c4-4a2a-9b25-78f2fabba28b%2Fdownload%2Ffct-fbs-food-balances.query.sql,2026-08-28T13:34:11+00:00,284850922.0,1328024498.0,2026-07-13,2026-08-28T11:25:50+00:00,category_3,0.21449221940482607,0.6896551724137931,0.27586206896551724,0.501267509612015,0.13500811786215955,0.4827586206896552,0.5070993914807302,0.31813781373708727,17.0
IND,India,2016,294533.0,2616.0,16551.0,104.966179374051,Estimated value,Estimated value,Estimated value,https://api.data.apps.fao.org/api/v2/bigquery?download=true&item_code=2905&sql_url=https%3A%2F%2Fdata.apps.fao.org%2Fcatalog%2Fdataset%2F5c00a4e6-0ec8-4191-a0c0-a7cd5fda3674%2Fresource%2F91b9d43c-55c4-4a2a-9b25-78f2fabba28b%2Fdownload%2Ffct-fbs-food-balances.query.sql,2026-08-28T13:34:11+00:00,299053838.96,1343944296.0,2026-07-13,2026-08-28T11:25:50+00:00,category_3,0.22251951948460816,0.7241379310344828,0.3103448275862069,0.28808791280520707,0.12099030767485189,0.5172413793103449,0.5415821501014199,0.20453911024002946,14.5
IND,India,2017,310805.0,5958.0,19868.0,104.68515805251,Estimated value,Estimated value,Estimated value,https://api.data.apps.fao.org/api/v2/bigquery?download=true&item_code=2905&sql_url=https%3A%2F%2Fdata.apps.fao.org%2Fcatalog%2Fdataset%2F5c00a4e6-0ec8-4191-a0c0-a7cd5fda3674%2Fresource%2F91b9d43c-55c4-4a2a-9b25-78f2fabba28b%2Fdownload%2Ffct-fbs-food-balances.query.sql,2026-08-28T13:34:11+00:00,309663380.51,1359657400.0,2026-07-13,2026-08-28T11:25:50+00:00,category_3,0.22775103530492313,0.7241379310344828,0.3448275862068966,0.4035985650989191,0.11138734341781348,0.5344827586206897,0.5567951318458418,0.25749295425836627,11.0
IND,India,2018,321582.0,685.0,20062.0,106.411872735395,Estimated value,Estimated value,Estimated value,https://api.data.apps.fao.org/api/v2/bigquery?download=true&item_code=2905&sql_url=https%3A%2F%2Fdata.apps.fao.org%2Fcatalog%2Fdataset%2F5c00a4e6-0ec8-4191-a0c0-a7cd5fda3674%2Fresource%2F91b9d43c-55c4-4a2a-9b25-78f2fabba28b%2Fdownload%2Ffct-fbs-food-balances.query.sql,2026-08-28T13:34:11+00:00,320692531.88,1374659064.0,2026-07-13,2026-08-28T11:25:50+00:00,category_3,0.23328877703453604,0.7241379310344828,0.3103448275862069,0.40243339123062316,0.12417503783035215,0.5172413793103449,0.5415821501014199,0.26330421453048763,13.0
IND,India,2019,321402.0,1261.0,16269.0,104.898268242851,Estimated value,Estimated value,Estimated value,https://api.data.apps.fao.org/api/v2/bigquery?download=true&item_code=2905&sql_url=https%3A%2F%2Fdata.apps.fao.org%2Fcatalog%2Fdataset%2F5c00a4e6-0ec8-4191-a0c0-a7cd5fda3674%2Fresource%2F91b9d43c-55c4-4a2a-9b25-78f2fabba28b%2Fdownload%2Ffct-fbs-food-balances.query.sql,2026-08-28T13:34:11+00:00,323957437.96,1389030312.0,2026-07-13,2026-08-28T11:25:50+00:00,category_3,0.23322560721770627,0.7241379310344828,0.3448275862068966,0.3426053456817779,0.10654573164524131,0.5344827586206897,0.5567951318458418,0.2245755386635096,13.0
IND,India,2020,342140.0,768.0,25859.0,107.913918668723,Estimated value,Estimated value,Estimated value,https://api.data.apps.fao.org/api/v2/bigquery?download=true&item_code=2905&sql_url=https%3A%2F%2Fdata.apps.fao.org%2Fcatalog%2Fdataset%2F5c00a4e6-0ec8-4191-a0c0-a7cd5fda3674%2Fresource%2F91b9d43c-55c4-4a2a-9b25-78f2fabba28b%2Fdownload%2Ffct-fbs-food-balances.query.sql,2026-08-28T13:34:11+00:00,341446939.74,1402617695.0,2026-07-13,2026-08-28T11:25:50+00:00,category_3,0.24343549989222119,0.7931034482758621,0.3103448275862069,0.3784986826702567,0.11305159800795019,0.5517241379310345,0.5801217038539553,0.24577514033910344,13.0
IND,India,2021,355142.0,556.0,43612.0,113.796197202053,Estimated value,Estimated value,Estimated value,https://api.data.apps.fao.org/api/v2/bigquery?download=true&item_code=2905&sql_url=https%3A%2F%2Fdata.apps.fao.org%2Fcatalog%2Fdataset%2F5c00a4e6-0ec8-4191-a0c0-a7cd5fda3674%2Fresource%2F91b9d43c-55c4-4a2a-9b25-78f2fabba28b%2Fdownload%2Ffct-fbs-food-balances.query.sql,2026-08-28T13:34:11+00:00,355529808.53,1414203896.0,2026-07-13,2026-08-28T11:25:50+00:00,category_3,0.2513992568791509,0.8620689655172413,0.3793103448275862,0.3977102746635718,0.10635755115219168,0.6206896551724137,0.6490872210953347,0.25203391290788174,10.0
IND,India,2022,362497.0,737.0,46044.0,114.283867713358,Estimated value,Estimated value,Estimated value,https://api.data.apps.fao.org/api/v2/bigquery?download=true&item_code=2905&sql_url=https%3A%2F%2Fdata.apps.fao.org%2Fcatalog%2Fdataset%2F5c00a4e6-0ec8-4191-a0c0-a7cd5fda3674%2Fresource%2F91b9d43c-55c4-4a2a-9b25-78f2fabba28b%2Fdownload%2Ffct-fbs-food-balances.query.sql,2026-08-28T13:34:11+00:00,353766052.45,1425423212.0,2026-07-13,2026-08-28T11:25:50+00:00,category_3,0.2481831707746878,0.7586206896551724,0.41379310344827586,0.39262296723026036,0.11820510160310344,0.5862068965517241,0.6064908722109533,0.25541403441668187,12.0
IND,India,2023,374634.0,1007.0,31231.0,108.775587236143,Estimated value,Estimated value,Estimated value,https://api.data.apps.fao.org/api/v2/bigquery?download=true&item_code=2905&sql_url=https%3A%2F%2Fdata.apps.fao.org%2Fcatalog%2Fdataset%2F5c00a4e6-0ec8-4191-a0c0-a7cd5fda3674%2Fresource%2F91b9d43c-55c4-4a2a-9b25-78f2fabba28b%2Fdownload%2Ffct-fbs-food-balances.query.sql,2026-08-28T13:34:11+00:00,373583926.89,1438069596.0,2026-07-13,2026-08-28T11:25:50+00:00,category_3,0.2597815348639079,0.7241379310344828,0.41379310344827586,0.47335186072860935,0.1575472851998208,0.5689655172413793,0.5872210953346856,0.31544957296421505,12.0
IRN,"Iran, Islamic Rep.",2010,19615.0,10658.0,849.0,66.6632680804785,Estimated value,Estimated value,Estimated value,https://api.data.apps.fao.org/api/v2/bigquery?download=true&item_code=2905&sql_url=https%3A%2F%2Fdata.apps.fao.org%2Fcatalog%2Fdataset%2F5c00a4e6-0ec8-4191-a0c0-a7cd5fda3674%2Fresource%2F91b9d43c-55c4-4a2a-9b25-78f2fabba28b%2Fdownload%2Ffct-fbs-food-balances.query.sql,2026-08-28T13:34:11+00:00,19597231.3,77420842.0,2026-07-13,2026-08-28T11:25:50+00:00,flexible_2,0.25312604195133914,0.13793103448275862,0.41379310344827586,0.14900582806636137,0.17106608731914943,0.27586206896551724,0.25963488843813387,0.16003595769275542,23.0
IRN,"Iran, Islamic Rep.",2011,15035.0,6927.0,362.0,69.6064814814815,Estimated value,Estimated value,Estimated value,https://api.data.apps.fao.org/api/v2/bigquery?download=true&item_code=2905&sql_url=https%3A%2F%2Fdata.apps.fao.org%2Fcatalog%2Fdataset%2F5c00a4e6-0ec8-4191-a0c0-a7cd5fda3674%2Fresource%2F91b9d43c-55c4-4a2a-9b25-78f2fabba28b%2Fdownload%2Ffct-fbs-food-balances.query.sql,2026-08-28T13:34:11+00:00,15018275.96,78383598.0,2026-07-13,2026-08-28T11:25:50+00:00,flexible_2,0.19159972676936826,0.20689655172413793,0.2413793103448276,0.18502754053136858,0.12854175309043442,0.22413793103448276,0.22210953346855983,0.15678464681090148,24.5
IRN,"Iran, Islamic Rep.",2012,15794.0,13686.0,455.0,54.4151593453919,Estimated value,Estimated value,Estimated value,https://api.data.apps.fao.org/api/v2/bigquery?download=true&item_code=2905&sql_url=https%3A%2F%2Fdata.apps.fao.org%2Fcatalog%2Fdataset%2F5c00a4e6-0ec8-4191-a0c0-a7cd5fda3674%2Fresource%2F91b9d43c-55c4-4a2a-9b25-78f2fabba28b%2Fdownload%2Ffct-fbs-food-balances.query.sql,2026-08-28T13:34:11+00:00,15777121.79,79370580.0,2026-07-13,2026-08-28T11:25:50+00:00,flexible_2,0.1987779576513111,0.10344827586206896,0.27586206896551724,0.0596684178536207,0.14828287648534133,0.1896551724137931,0.1795131845841785,0.10397564716948102,25.5
IRN,"Iran, Islamic Rep.",2013,16454.0,13077.0,338.0,56.362826705032,Estimated value,Estimated value,Estimated value,https://api.data.apps.fao.org/api/v2/bigquery?download=true&item_code=2905&sql_url=https%3A%2F%2Fdata.apps.fao.org%2Fcatalog%2Fdataset%2F5c00a4e6-0ec8-4191-a0c0-a7cd5fda3674%2Fresource%2F91b9d43c-55c4-4a2a-9b25-78f2fabba28b%2Fdownload%2Ffct-fbs-food-balances.query.sql,2026-08-28T13:34:11+00:00,16427670.68,80414686.0,2026-07-13,2026-08-28T11:25:50+00:00,flexible_2,0.2042869467897941,0.13793103448275862,0.27586206896551724,0.14027994055734444,0.12490742321512767,0.20689655172413793,0.19878296146044624,0.13259368188623605,25.0
IRN,"Iran, Islamic Rep.",2014,17570.0,17876.0,339.0,50.0469991739539,Estimated value,Estimated value,Estimated value,https://api.data.apps.fao.org/api/v2/bigquery?download=true&item_code=2905&sql_url=https%3A%2F%2Fdata.apps.fao.org%2Fcatalog%2Fdataset%2F5c00a4e6-0ec8-4191-a0c0-a7cd5fda3674%2Fresource%2F91b9d43c-55c4-4a2a-9b25-78f2fabba28b%2Fdownload%2Ffct-fbs-food-balances.query.sql,2026-08-28T13:34:11+00:00,17551045.0,81502045.0,2026-07-13,2026-08-28T11:25:50+00:00,flexible_2,0.215344841960714,0.10344827586206896,0.2413793103448276,0.18099445489322344,0.13048041231174706,0.1724137931034483,0.1643002028397566,0.15573743360248526,25.5
IRN,"Iran, Islamic Rep.",2015,18275.0,12518.0,362.0,60.0538924123427,Estimated value,Estimated value,Estimated value,https://api.data.apps.fao.org/api/v2/bigquery?download=true&item_code=2905&sql_url=https%3A%2F%2Fdata.apps.fao.org%2Fcatalog%2Fdataset%2F5c00a4e6-0ec8-4191-a0c0-a7cd5fda3674%2Fresource%2F91b9d43c-55c4-4a2a-9b25-78f2fabba28b%2Fdownload%2Ffct-fbs-food-balances.query.sql,2026-08-28T13:34:11+00:00,18255384.86,82619362.0,2026-07-13,2026-08-28T11:25:50+00:00,flexible_2,0.22095770795228362,0.1724137931034483,0.3103448275862069,0.21064295449452877,0.13996833216144097,0.2413793103448276,0.23326572008113589,0.17530564332798487,24.0
IRN,"Iran, Islamic Rep.",2016,22444.0,11090.0,286.0,67.504812319538,Estimated value,Estimated value,Estimated value,https://api.data.apps.fao.org/api/v2/bigquery?download=true&item_code=2905&sql_url=https%3A%2F%2Fdata.apps.fao.org%2Fcatalog%2Fdataset%2F5c00a4e6-0ec8-4191-a0c0-a7cd5fda3674%2Fresource%2F91b9d43c-55c4-4a2a-9b25-78f2fabba28b%2Fdownload%2Ffct-fbs-food-balances.query.sql,2026-08-28T13:34:11+00:00,22419770.81,83812228.0,2026-07-13,2026-08-28T11:25:50+00:00,flexible_2,0.267499997852342,0.2413793103448276,0.4482758620689655,0.1511161830921834,0.15068167353324521,0.3448275862068966,0.332657200811359,0.1508989283127143,22.0
IRN,"Iran, Islamic Rep.",2017,18138.0,12502.0,760.0,60.7028112449799,Estimated value,Estimated value,Estimated value,https://api.data.apps.fao.org/api/v2/bigquery?download=true&item_code=2905&sql_url=https%3A%2F%2Fdata.apps.fao.org%2Fcatalog%2Fdataset%2F5c00a4e6-0ec8-4191-a0c0-a7cd5fda3674%2Fresource%2F91b9d43c-55c4-4a2a-9b25-78f2fabba28b%2Fdownload%2Ffct-fbs-food-balances.query.sql,2026-08-28T13:34:11+00:00,19286154.53,85026754.0,2026-07-13,2026-08-28T11:25:50+00:00,flexible_2,0.22682454195534738,0.20689655172413793,0.3103448275862069,0.17927180834647638,0.1108384826675716,0.25862068965517243,0.2525354969574036,0.14505514550702397,24.0
IRN,"Iran, Islamic Rep.",2018,19937.0,14619.0,533.0,58.5985950680422,Estimated value,Estimated value,Estimated value,https://api.data.apps.fao.org/api/v2/bigquery?download=true&item_code=2905&sql_url=https%3A%2F%2Fdata.apps.fao.org%2Fcatalog%2Fdataset%2F5c00a4e6-0ec8-4191-a0c0-a7cd5fda3674%2Fresource%2F91b9d43c-55c4-4a2a-9b25-78f2fabba28b%2Fdownload%2Ffct-fbs-food-balances.query.sql,2026-08-28T13:34:11+00:00,20130243.11,86117998.0,2026-07-13,2026-08-28T11:25:50+00:00,flexible_2,0.23375187042782855,0.20689655172413793,0.3448275862068966,0.16547452885345154,0.12447138340177154,0.27586206896551724,0.26774847870182555,0.14497295612761155,24.0
IRN,"Iran, Islamic Rep.",2019,21525.0,13380.0,419.0,62.4166328365134,Estimated value,Estimated value,Estimated value,https://api.data.apps.fao.org/api/v2/bigquery?download=true&item_code=2905&sql_url=https%3A%2F%2Fdata.apps.fao.org%2Fcatalog%2Fdataset%2F5c00a4e6-0ec8-4191-a0c0-a7cd5fda3674%2Fresource%2F91b9d43c-55c4-4a2a-9b25-78f2fabba28b%2Fdownload%2Ffct-fbs-food-balances.query.sql,2026-08-28T13:34:11+00:00,22314123.14,87051648.0,2026-07-13,2026-08-28T11:25:50+00:00,flexible_2,0.2563320012046182,0.27586206896551724,0.41379310344827586,0.16343740200578682,0.11918720949031465,0.3448275862068966,0.33671399594320484,0.14131230574805073,21.0
IRN,"Iran, Islamic Rep.",2020,15644.0,16836.0,239.0,48.5220681740641,Estimated value,Estimated value,Estimated value,https://api.data.apps.fao.org/api/v2/bigquery?download=true&item_code=2905&sql_url=https%3A%2F%2Fdata.apps.fao.org%2Fcatalog%2Fdataset%2F5c00a4e6-0ec8-4191-a0c0-a7cd5fda3674%2Fresource%2F91b9d43c-55c4-4a2a-9b25-78f2fabba28b%2Fdownload%2Ffct-fbs-food-balances.query.sql,2026-08-28T13:34:11+00:00,22573920.03,87723443.0,2026-07-13,2026-08-28T11:25:50+00:00,flexible_2,0.25733052942301865,0.10344827586206896,0.3793103448275862,0.11670919384858358,0.12072645011910395,0.24137931034482757,0.2251521298174442,0.11871782198384376,24.0
IRN,"Iran, Islamic Rep.",2021,14853.0,10638.0,284.0,58.9241083825921,Estimated value,Estimated value,Estimated value,https://api.data.apps.fao.org/api/v2/bigquery?download=true&item_code=2905&sql_url=https%3A%2F%2Fdata.apps.fao.org%2Fcatalog%2Fdataset%2F5c00a4e6-0ec8-4191-a0c0-a7cd5fda3674%2Fresource%2F91b9d43c-55c4-4a2a-9b25-78f2fabba28b%2Fdownload%2Ffct-fbs-food-balances.query.sql,2026-08-28T13:34:11+00:00,18297823.18,88455488.0,2026-07-13,2026-08-28T11:25:50+00:00,flexible_2,0.2068591061303059,0.20689655172413793,0.2413793103448276,0.15758911234773876,0.08403812145705435,0.22413793103448276,0.22210953346855983,0.12081361690239656,24.5
IRN,"Iran, Islamic Rep.",2022,20180.0,18319.0,281.0,52.8023444450259,Estimated value,Estimated value,Estimated value,https://api.data.apps.fao.org/api/v2/bigquery?download=true&item_code=2905&sql_url=https%3A%2F%2Fdata.apps.fao.org%2Fcatalog%2Fdataset%2F5c00a4e6-0ec8-4191-a0c0-a7cd5fda3674%2Fresource%2F91b9d43c-55c4-4a2a-9b25-78f2fabba28b%2Fdownload%2Ffct-fbs-food-balances.query.sql,2026-08-28T13:34:11+00:00,20162028.86,89524246.0,2026-07-13,2026-08-28T11:25:50+00:00,flexible_2,0.22521305412614143,0.13793103448275862,0.3103448275862069,0.1311531839650439,0.10519989041681967,0.22413793103448276,0.21399594320486814,0.1181765371909318,24.5
IRN,"Iran, Islamic Rep.",2023,20980.0,8963.0,108.0,70.3200938495056,Estimated value,Estimated value,Estimated value,https://api.data.apps.fao.org/api/v2/bigquery?download=true&item_code=2905&sql_url=https%3A%2F%2Fdata.apps.fao.org%2Fcatalog%2Fdataset%2F5c00a4e6-0ec8-4191-a0c0-a7cd5fda3674%2Fresource%2F91b9d43c-55c4-4a2a-9b25-78f2fabba28b%2Fdownload%2Ffct-fbs-food-balances.query.sql,2026-08-28T13:34:11+00:00,20964153.27,90608707.0,2026-07-13,2026-08-28T11:25:50+00:00,flexible_2,0.23137018465565345,0.3103448275862069,0.3103448275862069,0.2634838917165466,0.13720208176548007,0.3103448275862069,0.3103448275862069,0.20034298674101336,23.0
ITA,Italy,2010,18542.0,13121.0,5279.0,70.2774408732565,Estimated value,Estimated value,Estimated value,https://api.data.apps.fao.org/api/v2/bigquery?download=true&item_code=2905&sql_url=https%3A%2F%2Fdata.apps.fao.org%2Fcatalog%2Fdataset%2F5c00a4e6-0ec8-4191-a0c0-a7cd5fda3674%2Fresource%2F91b9d43c-55c4-4a2a-9b25-78f2fabba28b%2Fdownload%2Ffct-fbs-food-balances.query.sql,2026-08-28T13:34:11+00:00,18502904.0,59819407.0,2026-07-13,2026-08-28T11:25:50+00:00,category_2,0.3093127285598134,0.20689655172413793,0.5172413793103449,0.1625644489764299,0.2157025580147452,0.3620689655172414,0.3438133874239351,0.18913350349558755,18.0
ITA,Italy,2011,19560.0,13839.0,5492.0,70.0899415917153,Estimated value,Estimated value,Estimated value,https://api.data.apps.fao.org/api/v2/bigquery?download=true&item_code=2905&sql_url=https%3A%2F%2Fdata.apps.fao.org%2Fcatalog%2Fdataset%2F5c00a4e6-0ec8-4191-a0c0-a7cd5fda3674%2Fresource%2F91b9d43c-55c4-4a2a-9b25-78f2fabba28b%2Fdownload%2Ffct-fbs-food-balances.query.sql,2026-08-28T13:34:11+00:00,19521138.3,60026841.0,2026-07-13,2026-08-28T11:25:50+00:00,category_2,0.32520682372740556,0.2413793103448276,0.5517241379310345,0.18710481722582314,0.23998666235413751,0.39655172413793105,0.37829614604462475,0.21354573978998032,19.0
ITA,Italy,2012,18633.0,12011.0,5181.0,73.1767662883399,Estimated value,Estimated value,Estimated value,https://api.data.apps.fao.org/api/v2/bigquery?download=true&item_code=2905&sql_url=https%3A%2F%2Fdata.apps.fao.org%2Fcatalog%2Fdataset%2F5c00a4e6-0ec8-4191-a0c0-a7cd5fda3674%2Fresource%2F91b9d43c-55c4-4a2a-9b25-78f2fabba28b%2Fdownload%2Ffct-fbs-food-balances.query.sql,2026-08-28T13:34:11+00:00,18594125.5,60191247.0,2026-07-13,2026-08-28T11:25:50+00:00,category_2,0.30891743279550266,0.27586206896551724,0.5517241379310345,0.09694460329560192,0.24867363689611166,0.41379310344827586,0.3975659229208925,0.1728091200958568,17.0
ITA,Italy,2013,18254.0,13213.0,5252.0,69.6318901392333,Estimated value,Estimated value,Estimated value,https://api.data.apps.fao.org/api/v2/bigquery?download=true&item_code=2905&sql_url=https%3A%2F%2Fdata.apps.fao.org%2Fcatalog%2Fdataset%2F5c00a4e6-0ec8-4191-a0c0-a7cd5fda3674%2Fresource%2F91b9d43c-55c4-4a2a-9b25-78f2fabba28b%2Fdownload%2Ffct-fbs-food-balances.query.sql,2026-08-28T13:34:11+00:00,18214664.0,60311613.0,2026-07-13,2026-08-28T11:25:50+00:00,category_2,0.30200923327983287,0.2413793103448276,0.5172413793103449,0.20096684305792545,0.1981887643868252,0.37931034482758624,0.3630831643002028,0.19957780372237532,19.0
ITA,Italy,2014,19442.0,15849.0,5479.0,65.2153495236817,Estimated value,Estimated value,Estimated value,https://api.data.apps.fao.org/api/v2/bigquery?download=true&item_code=2905&sql_url=https%3A%2F%2Fdata.apps.fao.org%2Fcatalog%2Fdataset%2F5c00a4e6-0ec8-4191-a0c0-a7cd5fda3674%2Fresource%2F91b9d43c-55c4-4a2a-9b25-78f2fabba28b%2Fdownload%2Ffct-fbs-food-balances.query.sql,2026-08-28T13:34:11+00:00,19396843.8,60320707.0,2026-07-13,2026-08-28T11:25:50+00:00,category_2,0.32156194389432474,0.20689655172413793,0.5517241379310345,0.27173441901440465,0.20929904564483623,0.3793103448275862,0.359026369168357,0.24051673232962045,22.0
ITA,Italy,2015,17740.0,14757.0,5585.0,65.9185493460166,Estimated value,Estimated value,Estimated value,https://api.data.apps.fao.org/api/v2/bigquery?download=true&item_code=2905&sql_url=https%3A%2F%2Fdata.apps.fao.org%2Fcatalog%2Fdataset%2F5c00a4e6-0ec8-4191-a0c0-a7cd5fda3674%2Fresource%2F91b9d43c-55c4-4a2a-9b25-78f2fabba28b%2Fdownload%2Ffct-fbs-food-balances.query.sql,2026-08-28T13:34:11+00:00,17694873.4,60229605.0,2026-07-13,2026-08-28T11:25:50+00:00,category_2,0.2937902946565895,0.20689655172413793,0.5172413793103449,0.2469938383110589,0.1958442702862427,0.3620689655172414,0.3438133874239351,0.2214190542986508,21.5
ITA,Italy,2016,18264.0,16083.0,5625.0,63.5888865677878,Estimated value,Estimated value,Estimated value,https://api.data.apps.fao.org/api/v2/bigquery?download=true&item_code=2905&sql_url=https%3A%2F%2Fdata.apps.fao.org%2Fcatalog%2Fdataset%2F5c00a4e6-0ec8-4191-a0c0-a7cd5fda3674%2Fresource%2F91b9d43c-55c4-4a2a-9b25-78f2fabba28b%2Fdownload%2Ffct-fbs-food-balances.query.sql,2026-08-28T13:34:11+00:00,18219221.0,60115223.0,2026-07-13,2026-08-28T11:25:50+00:00,category_2,0.3030716695503234,0.20689655172413793,0.5172413793103449,0.13679820257469502,0.17416233796604172,0.3620689655172414,0.3438133874239351,0.15548027027036837,20.5
ITA,Italy,2017,16297.0,17025.0,6229.0,60.1520688000591,Estimated value,Estimated value,Estimated value,https://api.data.apps.fao.org/api/v2/bigquery?download=true&item_code=2905&sql_url=https%3A%2F%2Fdata.apps.fao.org%2Fcatalog%2Fdataset%2F5c00a4e6-0ec8-4191-a0c0-a7cd5fda3674%2Fresource%2F91b9d43c-55c4-4a2a-9b25-78f2fabba28b%2Fdownload%2Ffct-fbs-food-balances.query.sql,2026-08-28T13:34:11+00:00,16251718.0,60002252.0,2026-07-13,2026-08-28T11:25:50+00:00,category_2,0.2708518006957472,0.1724137931034483,0.4482758620689655,0.17646281165933642,0.13692052014189798,0.3103448275862069,0.29411764705882354,0.1566916659006172,22.0
ITA,Italy,2018,16384.0,17417.0,5820.0,58.5540187984704,Estimated value,Estimated value,Estimated value,https://api.data.apps.fao.org/api/v2/bigquery?download=true&item_code=2905&sql_url=https%3A%2F%2Fdata.apps.fao.org%2Fcatalog%2Fdataset%2F5c00a4e6-0ec8-4191-a0c0-a7cd5fda3674%2Fresource%2F91b9d43c-55c4-4a2a-9b25-78f2fabba28b%2Fdownload%2Ffct-fbs-food-balances.query.sql,2026-08-28T13:34:11+00:00,16548350.0,59877221.0,2026-07-13,2026-08-28T11:25:50+00:00,category_2,0.27637137668763884,0.1724137931034483,0.4827586206896552,0.16525361234987612,0.15174471988013866,0.3275862068965517,0.30933062880324547,0.1584991661150074,22.0
ITA,Italy,2019,16394.0,17429.0,5806.0,58.5144733554628,Estimated value,Estimated value,Estimated value,https://api.data.apps.fao.org/api/v2/bigquery?download=true&item_code=2905&sql_url=https%3A%2F%2Fdata.apps.fao.org%2Fcatalog%2Fdataset%2F5c00a4e6-0ec8-4191-a0c0-a7cd5fda3674%2Fresource%2F91b9d43c-55c4-4a2a-9b25-78f2fabba28b%2Fdownload%2Ffct-fbs-food-balances.query.sql,2026-08-28T13:34:11+00:00,16363450.0,59729081.0,2026-07-13,2026-08-28T11:25:50+00:00,category_2,0.27396118818570137,0.1724137931034483,0.4827586206896552,0.1469798931686551,0.12883211456612403,0.3275862068965517,0.30933062880324547,0.13790600386738955,23.0
ITA,Italy,2020,16968.0,17852.0,6548.0,60.0169779286927,Estimated value,Estimated value,Estimated value,https://api.data.apps.fao.org/api/v2/bigquery?download=true&item_code=2905&sql_url=https%3A%2F%2Fdata.apps.fao.org%2Fcatalog%2Fdataset%2F5c00a4e6-0ec8-4191-a0c0-a7cd5fda3674%2Fresource%2F91b9d43c-55c4-4a2a-9b25-78f2fabba28b%2Fdownload%2Ffct-fbs-food-balances.query.sql,2026-08-28T13:34:11+00:00,16945440.0,59438851.0,2026-07-13,2026-08-28T11:25:50+00:00,category_2,0.2850903023007628,0.20689655172413793,0.5172413793103449,0.16737686161195972,0.1360594259147787,0.3620689655172414,0.3438133874239351,0.15171814376336923,21.0
ITA,Italy,2021,16591.0,16417.0,6446.0,62.4614110383254,Estimated value,Estimated value,Estimated value,https://api.data.apps.fao.org/api/v2/bigquery?download=true&item_code=2905&sql_url=https%3A%2F%2Fdata.apps.fao.org%2Fcatalog%2Fdataset%2F5c00a4e6-0ec8-4191-a0c0-a7cd5fda3674%2Fresource%2F91b9d43c-55c4-4a2a-9b25-78f2fabba28b%2Fdownload%2Ffct-fbs-food-balances.query.sql,2026-08-28T13:34:11+00:00,16568150.0,59133173.0,2026-07-13,2026-08-28T11:25:50+00:00,category_2,0.2801836796412058,0.27586206896551724,0.4827586206896552,0.1730684068931347,0.12078165815118866,0.3793103448275862,0.3671399594320487,0.14692503252216169,21.0
ITA,Italy,2022,14327.0,18259.0,6777.0,55.5116432252315,Estimated value,Estimated value,Estimated value,https://api.data.apps.fao.org/api/v2/bigquery?download=true&item_code=2905&sql_url=https%3A%2F%2Fdata.apps.fao.org%2Fcatalog%2Fdataset%2F5c00a4e6-0ec8-4191-a0c0-a7cd5fda3674%2Fresource%2F91b9d43c-55c4-4a2a-9b25-78f2fabba28b%2Fdownload%2Ffct-fbs-food-balances.query.sql,2026-08-28T13:34:11+00:00,14300570.0,59013667.0,2026-07-13,2026-08-28T11:25:50+00:00,category_2,0.24232640889778972,0.1724137931034483,0.3448275862068966,0.14267534098397963,0.11488912257512339,0.25862068965517243,0.2484787018255578,0.1287822317795515,23.0
ITA,Italy,2023,15473.0,19147.0,6502.0,55.0288071697845,Estimated value,Estimated value,Estimated value,https://api.data.apps.fao.org/api/v2/bigquery?download=true&item_code=2905&sql_url=https%3A%2F%2Fdata.apps.fao.org%2Fcatalog%2Fdataset%2F5c00a4e6-0ec8-4191-a0c0-a7cd5fda3674%2Fresource%2F91b9d43c-55c4-4a2a-9b25-78f2fabba28b%2Fdownload%2Ffct-fbs-food-balances.query.sql,2026-08-28T13:34:11+00:00,15452820.0,58984216.0,2026-07-13,2026-08-28T11:25:50+00:00,category_2,0.261982290313056,0.13793103448275862,0.4482758620689655,0.18003284229718333,0.159123233438604,0.2931034482758621,0.27484787018255574,0.16957803786789366,24.0
KEN,Kenya,2010,4348.0,1912.0,109.0,70.6876930580393,Estimated value,Estimated value,Estimated value,https://api.data.apps.fao.org/api/v2/bigquery?download=true&item_code=2905&sql_url=https%3A%2F%2Fdata.apps.fao.org%2Fcatalog%2Fdataset%2F5c00a4e6-0ec8-4191-a0c0-a7cd5fda3674%2Fresource%2F91b9d43c-55c4-4a2a-9b25-78f2fabba28b%2Fdownload%2Ffct-fbs-food-balances.query.sql,2026-08-28T13:34:11+00:00,4347437.0,41598567.0,2026-07-13,2026-08-28T11:25:50+00:00,unclassified,0.10450929715920262,0.2413793103448276,0.10344827586206896,0.1641035159137143,0.05300027183487211,0.1724137931034483,0.18052738336713997,0.1085518938742932,26.0
KEN,Kenya,2011,4059.0,4024.0,111.0,50.9157049673859,Estimated value,Estimated value,Estimated value,https://api.data.apps.fao.org/api/v2/bigquery?download=true&item_code=2905&sql_url=https%3A%2F%2Fdata.apps.fao.org%2Fcatalog%2Fdataset%2F5c00a4e6-0ec8-4191-a0c0-a7cd5fda3674%2Fresource%2F91b9d43c-55c4-4a2a-9b25-78f2fabba28b%2Fdownload%2Ffct-fbs-food-balances.query.sql,2026-08-28T13:34:11+00:00,4058581.0,42758461.0,2026-07-13,2026-08-28T11:25:50+00:00,unclassified,0.09491878110393169,0.10344827586206896,0.10344827586206896,0.10471912700949045,0.04789783923758253,0.10344827586206896,0.10344827586206896,0.07630848312353648,27.0
KEN,Kenya,2012,4712.0,3717.0,106.0,56.6142016099964,Estimated value,Estimated value,Estimated value,https://api.data.apps.fao.org/api/v2/bigquery?download=true&item_code=2905&sql_url=https%3A%2F%2Fdata.apps.fao.org%2Fcatalog%2Fdataset%2F5c00a4e6-0ec8-4191-a0c0-a7cd5fda3674%2Fresource%2F91b9d43c-55c4-4a2a-9b25-78f2fabba28b%2Fdownload%2Ffct-fbs-food-balances.query.sql,2026-08-28T13:34:11+00:00,4711585.0,43888303.0,2026-07-13,2026-08-28T11:25:50+00:00,unclassified,0.10735400272824401,0.13793103448275862,0.10344827586206896,0.06403754825377349,0.06495107975695713,0.12068965517241378,0.12271805273833672,0.06449431400536532,27.0
KEN,Kenya,2013,4537.0,2280.0,53.0,67.0756948551153,Estimated value,Estimated value,Estimated value,https://api.data.apps.fao.org/api/v2/bigquery?download=true&item_code=2905&sql_url=https%3A%2F%2Fdata.apps.fao.org%2Fcatalog%2Fdataset%2F5c00a4e6-0ec8-4191-a0c0-a7cd5fda3674%2Fresource%2F91b9d43c-55c4-4a2a-9b25-78f2fabba28b%2Fdownload%2Ffct-fbs-food-balances.query.sql,2026-08-28T13:34:11+00:00,4536942.0,44986791.0,2026-07-13,2026-08-28T11:25:50+00:00,unclassified,0.10085053632742998,0.20689655172413793,0.10344827586206896,0.18927592193534873,0.04734109564622758,0.15517241379310345,0.1612576064908722,0.11830850879078815,27.0
KEN,Kenya,2014,4227.0,3489.0,36.0,55.0390625,Estimated value,Estimated value,Estimated value,https://api.data.apps.fao.org/api/v2/bigquery?download=true&item_code=2905&sql_url=https%3A%2F%2Fdata.apps.fao.org%2Fcatalog%2Fdataset%2F5c00a4e6-0ec8-4191-a0c0-a7cd5fda3674%2Fresource%2F91b9d43c-55c4-4a2a-9b25-78f2fabba28b%2Fdownload%2Ffct-fbs-food-balances.query.sql,2026-08-28T13:34:11+00:00,4227112.63,46051440.0,2026-07-13,2026-08-28T11:25:50+00:00,unclassified,0.09179110642359935,0.1724137931034483,0.06896551724137931,0.21085792960550268,0.038797092008768984,0.1206896551724138,0.12677484787018256,0.12482751080713583,27.0
KEN,Kenya,2015,4523.0,3652.0,70.0,55.8050586057989,Estimated value,Estimated value,Estimated value,https://api.data.apps.fao.org/api/v2/bigquery?download=true&item_code=2905&sql_url=https%3A%2F%2Fdata.apps.fao.org%2Fcatalog%2Fdataset%2F5c00a4e6-0ec8-4191-a0c0-a7cd5fda3674%2Fresource%2F91b9d43c-55c4-4a2a-9b25-78f2fabba28b%2Fdownload%2Ffct-fbs-food-balances.query.sql,2026-08-28T13:34:11+00:00,4523082.62,47088526.0,2026-07-13,2026-08-28T11:25:50+00:00,unclassified,0.0960548779972429,0.13793103448275862,0.10344827586206896,0.18430742186164806,0.04414497734205374,0.12068965517241378,0.12271805273833672,0.1142261996018509,27.0
KEN,Kenya,2016,3892.0,3917.0,58.0,50.2128757579667,Estimated value,Estimated value,Estimated value,https://api.data.apps.fao.org/api/v2/bigquery?download=true&item_code=2905&sql_url=https%3A%2F%2Fdata.apps.fao.org%2Fcatalog%2Fdataset%2F5c00a4e6-0ec8-4191-a0c0-a7cd5fda3674%2Fresource%2F91b9d43c-55c4-4a2a-9b25-78f2fabba28b%2Fdownload%2Ffct-fbs-food-balances.query.sql,2026-08-28T13:34:11+00:00,3892022.42,48139687.0,2026-07-13,2026-08-28T11:25:50+00:00,unclassified,0.0808485194347026,0.10344827586206896,0.034482758620689655,0.08789087533767202,0.02747406136868505,0.06896551724137931,0.07302231237322515,0.057682468353178536,28.5
KEN,Kenya,2017,3711.0,5306.0,239.0,42.2761449077239,Estimated value,Estimated value,Estimated value,https://api.data.apps.fao.org/api/v2/bigquery?download=true&item_code=2905&sql_url=https%3A%2F%2Fdata.apps.fao.org%2Fcatalog%2Fdataset%2F5c00a4e6-0ec8-4191-a0c0-a7cd5fda3674%2Fresource%2F91b9d43c-55c4-4a2a-9b25-78f2fabba28b%2Fdownload%2Ffct-fbs-food-balances.query.sql,2026-08-28T13:34:11+00:00,3711200.84,49197766.0,2026-07-13,2026-08-28T11:25:50+00:00,unclassified,0.0754343365916249,0.10344827586206896,0.034482758620689655,0.08528877657955056,0.02115392990391438,0.06896551724137931,0.07302231237322515,0.053221353241732466,28.5
KEN,Kenya,2018,4806.0,3953.0,302.0,56.8286626463285,Estimated value,Estimated value,Estimated value,https://api.data.apps.fao.org/api/v2/bigquery?download=true&item_code=2905&sql_url=https%3A%2F%2Fdata.apps.fao.org%2Fcatalog%2Fdataset%2F5c00a4e6-0ec8-4191-a0c0-a7cd5fda3674%2Fresource%2F91b9d43c-55c4-4a2a-9b25-78f2fabba28b%2Fdownload%2Ffct-fbs-food-balances.query.sql,2026-08-28T13:34:11+00:00,4805995.66,50207107.0,2026-07-13,2026-08-28T11:25:50+00:00,unclassified,0.0957234134203351,0.13793103448275862,0.10344827586206896,0.15670288228172696,0.03614336456911145,0.12068965517241378,0.12271805273833672,0.0964231234254192,27.0
KEN,Kenya,2019,4622.0,3822.0,136.0,55.6331246990852,Estimated value,Estimated value,Estimated value,https://api.data.apps.fao.org/api/v2/bigquery?download=true&item_code=2905&sql_url=https%3A%2F%2Fdata.apps.fao.org%2Fcatalog%2Fdataset%2F5c00a4e6-0ec8-4191-a0c0-a7cd5fda3674%2Fresource%2F91b9d43c-55c4-4a2a-9b25-78f2fabba28b%2Fdownload%2Ffct-fbs-food-balances.query.sql,2026-08-28T13:34:11+00:00,4595021.63,51202827.0,2026-07-13,2026-08-28T11:25:50+00:00,unclassified,0.08974156114466102,0.13793103448275862,0.10344827586206896,0.1348276935454801,0.028045798225024485,0.12068965517241378,0.12271805273833672,0.08143674588525229,27.0
KEN,Kenya,2020,4882.0,3970.0,182.0,56.3091118800461,Estimated value,Estimated value,Estimated value,https://api.data.apps.fao.org/api/v2/bigquery?download=true&item_code=2905&sql_url=https%3A%2F%2Fdata.apps.fao.org%2Fcatalog%2Fdataset%2F5c00a4e6-0ec8-4191-a0c0-a7cd5fda3674%2Fresource%2F91b9d43c-55c4-4a2a-9b25-78f2fabba28b%2Fdownload%2Ffct-fbs-food-balances.query.sql,2026-08-28T13:34:11+00:00,4881250.72,52217334.0,2026-07-13,2026-08-28T11:25:50+00:00,unclassified,0.09347950854787032,0.1724137931034483,0.10344827586206896,0.15103319914968769,0.030224134115306476,0.13793103448275862,0.14198782961460446,0.09062866663249708,27.0
KEN,Kenya,2021,3969.0,4663.0,142.0,46.7491166077738,Estimated value,Estimated value,Estimated value,https://api.data.apps.fao.org/api/v2/bigquery?download=true&item_code=2905&sql_url=https%3A%2F%2Fdata.apps.fao.org%2Fcatalog%2Fdataset%2F5c00a4e6-0ec8-4191-a0c0-a7cd5fda3674%2Fresource%2F91b9d43c-55c4-4a2a-9b25-78f2fabba28b%2Fdownload%2Ffct-fbs-food-balances.query.sql,2026-08-28T13:34:11+00:00,4074461.28,53219166.0,2026-07-13,2026-08-28T11:25:50+00:00,unclassified,0.07656003628467233,0.10344827586206896,0.06896551724137931,0.1043111482852837,0.018744203949673112,0.08620689655172414,0.08823529411764705,0.061527676117478405,27.5
KEN,Kenya,2022,3847.0,4684.0,106.0,45.6617210682493,Estimated value,Estimated value,Estimated value,https://api.data.apps.fao.org/api/v2/bigquery?download=true&item_code=2905&sql_url=https%3A%2F%2Fdata.apps.fao.org%2Fcatalog%2Fdataset%2F5c00a4e6-0ec8-4191-a0c0-a7cd5fda3674%2Fresource%2F91b9d43c-55c4-4a2a-9b25-78f2fabba28b%2Fdownload%2Ffct-fbs-food-balances.query.sql,2026-08-28T13:34:11+00:00,3846912.71,54252461.0,2026-07-13,2026-08-28T11:25:50+00:00,unclassified,0.07090761670700985,0.10344827586206896,0.06896551724137931,0.10078540601400543,0.017835301393076312,0.08620689655172414,0.08823529411764705,0.059310353703540875,27.5
KEN,Kenya,2023,5146.0,4752.0,257.0,53.3762057877814,Estimated value,Estimated value,Estimated value,https://api.data.apps.fao.org/api/v2/bigquery?download=true&item_code=2905&sql_url=https%3A%2F%2Fdata.apps.fao.org%2Fcatalog%2Fdataset%2F5c00a4e6-0ec8-4191-a0c0-a7cd5fda3674%2Fresource%2F91b9d43c-55c4-4a2a-9b25-78f2fabba28b%2Fdownload%2Ffct-fbs-food-balances.query.sql,2026-08-28T13:34:11+00:00,5146069.64,55339003.0,2026-07-13,2026-08-28T11:25:50+00:00,unclassified,0.09299173026301177,0.10344827586206896,0.10344827586206896,0.17101389428524508,0.03811007153324594,0.10344827586206896,0.10344827586206896,0.10456198290924551,27.0
KOR,"Korea, Rep.",2010,6021.0,16670.0,345.0,26.9444195829231,Estimated value,Estimated value,Estimated value,https://api.data.apps.fao.org/api/v2/bigquery?download=true&item_code=2905&sql_url=https%3A%2F%2Fdata.apps.fao.org%2Fcatalog%2Fdataset%2F5c00a4e6-0ec8-4191-a0c0-a7cd5fda3674%2Fresource%2F91b9d43c-55c4-4a2a-9b25-78f2fabba28b%2Fdownload%2Ffct-fbs-food-balances.query.sql,2026-08-28T13:34:11+00:00,6020702.01,49554112.0,2026-07-13,2026-08-28T11:25:50+00:00,category_2,0.12149752597725895,0.0,0.13793103448275862,0.0,0.06649625502197962,0.06896551724137931,0.060851926977687626,0.03324812751098981,28.0
KOR,"Korea, Rep.",2011,5826.0,16349.0,281.0,26.6100301452453,Estimated value,Estimated value,Estimated value,https://api.data.apps.fao.org/api/v2/bigquery?download=true&item_code=2905&sql_url=https%3A%2F%2Fdata.apps.fao.org%2Fcatalog%2Fdataset%2F5c00a4e6-0ec8-4191-a0c0-a7cd5fda3674%2Fresource%2F91b9d43c-55c4-4a2a-9b25-78f2fabba28b%2Fdownload%2Ffct-fbs-food-balances.query.sql,2026-08-28T13:34:11+00:00,5825775.77,49936638.0,2026-07-13,2026-08-28T11:25:50+00:00,category_2,0.11666335587109408,0.034482758620689655,0.13793103448275862,0.0002852538061641384,0.06603551468356073,0.08620689655172414,0.08012170385395537,0.03316038424486243,28.0
KOR,"Korea, Rep.",2012,5604.0,17668.0,289.0,24.3832397859287,Estimated value,Estimated value,Estimated value,https://api.data.apps.fao.org/api/v2/bigquery?download=true&item_code=2905&sql_url=https%3A%2F%2Fdata.apps.fao.org%2Fcatalog%2Fdataset%2F5c00a4e6-0ec8-4191-a0c0-a7cd5fda3674%2Fresource%2F91b9d43c-55c4-4a2a-9b25-78f2fabba28b%2Fdownload%2Ffct-fbs-food-balances.query.sql,2026-08-28T13:34:11+00:00,5604303.9,50199853.0,2026-07-13,2026-08-28T11:25:50+00:00,category_2,0.11163984683381444,0.0,0.13793103448275862,0.0,0.06885757330249972,0.06896551724137931,0.060851926977687626,0.03442878665124986,28.0
KOR,"Korea, Rep.",2013,5810.0,17096.0,291.0,25.6909131107672,Estimated value,Estimated value,Estimated value,https://api.data.apps.fao.org/api/v2/bigquery?download=true&item_code=2905&sql_url=https%3A%2F%2Fdata.apps.fao.org%2Fcatalog%2Fdataset%2F5c00a4e6-0ec8-4191-a0c0-a7cd5fda3674%2Fresource%2F91b9d43c-55c4-4a2a-9b25-78f2fabba28b%2Fdownload%2Ffct-fbs-food-balances.query.sql,2026-08-28T13:34:11+00:00,5810450.68,50428893.0,2026-07-13,2026-08-28T11:25:50+00:00,category_2,0.1152206668506485,0.0,0.1724137931034483,0.0,0.058117168079419614,0.08620689655172414,0.07606490872210954,0.029058584039709807,28.0
KOR,"Korea, Rep.",2014,5853.0,17462.0,313.0,25.4456134249196,Estimated value,Estimated value,Estimated value,https://api.data.apps.fao.org/api/v2/bigquery?download=true&item_code=2905&sql_url=https%3A%2F%2Fdata.apps.fao.org%2Fcatalog%2Fdataset%2F5c00a4e6-0ec8-4191-a0c0-a7cd5fda3674%2Fresource%2F91b9d43c-55c4-4a2a-9b25-78f2fabba28b%2Fdownload%2Ffct-fbs-food-balances.query.sql,2026-08-28T13:34:11+00:00,5852499.19,50746659.0,2026-07-13,2026-08-28T11:25:50+00:00,category_2,0.11532777340080655,0.034482758620689655,0.13793103448275862,0.03382427430474756,0.056262527334984526,0.08620689655172414,0.08012170385395537,0.04504340081986605,28.0
KOR,"Korea, Rep.",2015,5976.0,17281.0,334.0,26.0698861405575,Estimated value,Estimated value,Estimated value,https://api.data.apps.fao.org/api/v2/bigquery?download=true&item_code=2905&sql_url=https%3A%2F%2Fdata.apps.fao.org%2Fcatalog%2Fdataset%2F5c00a4e6-0ec8-4191-a0c0-a7cd5fda3674%2Fresource%2F91b9d43c-55c4-4a2a-9b25-78f2fabba28b%2Fdownload%2Ffct-fbs-food-balances.query.sql,2026-08-28T13:34:11+00:00,5976258.87,51014947.0,2026-07-13,2026-08-28T11:25:50+00:00,category_2,0.11714721314911883,0.0,0.13793103448275862,0.0,0.06032666286475293,0.06896551724137931,0.060851926977687626,0.030163331432376466,28.0
KOR,"Korea, Rep.",2016,5831.0,16752.0,306.0,26.1749786775598,Estimated value,Estimated value,Estimated value,https://api.data.apps.fao.org/api/v2/bigquery?download=true&item_code=2905&sql_url=https%3A%2F%2Fdata.apps.fao.org%2Fcatalog%2Fdataset%2F5c00a4e6-0ec8-4191-a0c0-a7cd5fda3674%2Fresource%2F91b9d43c-55c4-4a2a-9b25-78f2fabba28b%2Fdownload%2Ffct-fbs-food-balances.query.sql,2026-08-28T13:34:11+00:00,5831045.8,51217803.0,2026-07-13,2026-08-28T11:25:50+00:00,category_2,0.11384802663245824,0.0,0.13793103448275862,0.0,0.04925685419149536,0.06896551724137931,0.060851926977687626,0.02462842709574768,28.5
KOR,"Korea, Rep.",2017,5488.0,16286.0,298.0,25.5541069100391,Estimated value,Estimated value,Estimated value,https://api.data.apps.fao.org/api/v2/bigquery?download=true&item_code=2905&sql_url=https%3A%2F%2Fdata.apps.fao.org%2Fcatalog%2Fdataset%2F5c00a4e6-0ec8-4191-a0c0-a7cd5fda3674%2Fresource%2F91b9d43c-55c4-4a2a-9b25-78f2fabba28b%2Fdownload%2Ffct-fbs-food-balances.query.sql,2026-08-28T13:34:11+00:00,5487987.7,51361911.0,2026-07-13,2026-08-28T11:25:50+00:00,category_2,0.1068493674232643,0.0,0.13793103448275862,0.0,0.0397644006633868,0.06896551724137931,0.060851926977687626,0.0198822003316934,28.5
KOR,"Korea, Rep.",2018,5419.0,16443.0,366.0,25.2093412727949,Estimated value,Estimated value,Estimated value,https://api.data.apps.fao.org/api/v2/bigquery?download=true&item_code=2905&sql_url=https%3A%2F%2Fdata.apps.fao.org%2Fcatalog%2Fdataset%2F5c00a4e6-0ec8-4191-a0c0-a7cd5fda3674%2Fresource%2F91b9d43c-55c4-4a2a-9b25-78f2fabba28b%2Fdownload%2Ffct-fbs-food-balances.query.sql,2026-08-28T13:34:11+00:00,5418712.13,51585058.0,2026-07-13,2026-08-28T11:25:50+00:00,category_2,0.10504421900620912,0.0,0.13793103448275862,0.0,0.04210799178565673,0.06896551724137931,0.060851926977687626,0.021053995892828366,28.5
KOR,"Korea, Rep.",2019,5273.0,17157.0,368.0,23.9008249478742,Estimated value,Estimated value,Estimated value,https://api.data.apps.fao.org/api/v2/bigquery?download=true&item_code=2905&sql_url=https%3A%2F%2Fdata.apps.fao.org%2Fcatalog%2Fdataset%2F5c00a4e6-0ec8-4191-a0c0-a7cd5fda3674%2Fresource%2F91b9d43c-55c4-4a2a-9b25-78f2fabba28b%2Fdownload%2Ffct-fbs-food-balances.query.sql,2026-08-28T13:34:11+00:00,5272979.18,51764822.0,2026-07-13,2026-08-28T11:25:50+00:00,category_2,0.10186414202293595,0.034482758620689655,0.13793103448275862,0.0009954895789053004,0.0346780463241708,0.08620689655172414,0.08012170385395537,0.01783676795153805,28.0
KOR,"Korea, Rep.",2020,4945.0,17897.0,410.0,22.0444008559201,Estimated value,Estimated value,Estimated value,https://api.data.apps.fao.org/api/v2/bigquery?download=true&item_code=2905&sql_url=https%3A%2F%2Fdata.apps.fao.org%2Fcatalog%2Fdataset%2F5c00a4e6-0ec8-4191-a0c0-a7cd5fda3674%2Fresource%2F91b9d43c-55c4-4a2a-9b25-78f2fabba28b%2Fdownload%2Ffct-fbs-food-balances.query.sql,2026-08-28T13:34:11+00:00,4945435.62,51836239.0,2026-07-13,2026-08-28T11:25:50+00:00,category_2,0.0954049853038142,0.0,0.13793103448275862,0.0,0.03128766185467395,0.06896551724137931,0.060851926977687626,0.015643830927336976,28.5
KOR,"Korea, Rep.",2021,5443.0,18741.0,428.0,22.9121064152214,Estimated value,Estimated value,Estimated value,https://api.data.apps.fao.org/api/v2/bigquery?download=true&item_code=2905&sql_url=https%3A%2F%2Fdata.apps.fao.org%2Fcatalog%2Fdataset%2F5c00a4e6-0ec8-4191-a0c0-a7cd5fda3674%2Fresource%2F91b9d43c-55c4-4a2a-9b25-78f2fabba28b%2Fdownload%2Ffct-fbs-food-balances.query.sql,2026-08-28T13:34:11+00:00,5443029.24,51769539.0,2026-07-13,2026-08-28T11:25:50+00:00,category_2,0.10513961192507432,0.0,0.13793103448275862,0.0,0.03306566039960113,0.06896551724137931,0.060851926977687626,0.016532830199800563,29.0
KOR,"Korea, Rep.",2022,5220.0,18959.0,412.0,21.9632263222115,Estimated value,Estimated value,Estimated value,https://api.data.apps.fao.org/api/v2/bigquery?download=true&item_code=2905&sql_url=https%3A%2F%2Fdata.apps.fao.org%2Fcatalog%2Fdataset%2F5c00a4e6-0ec8-4191-a0c0-a7cd5fda3674%2Fresource%2F91b9d43c-55c4-4a2a-9b25-78f2fabba28b%2Fdownload%2Ffct-fbs-food-balances.query.sql,2026-08-28T13:34:11+00:00,5219697.61,51672569.0,2026-07-13,2026-08-28T11:25:50+00:00,category_2,0.10101486554694039,0.0,0.13793103448275862,0.0,0.03488141114481204,0.06896551724137931,0.060851926977687626,0.01744070557240602,29.0
KOR,"Korea, Rep.",2023,5134.0,17704.0,375.0,22.8553621510929,Estimated value,Estimated value,Estimated value,https://api.data.apps.fao.org/api/v2/bigquery?download=true&item_code=2905&sql_url=https%3A%2F%2Fdata.apps.fao.org%2Fcatalog%2Fdataset%2F5c00a4e6-0ec8-4191-a0c0-a7cd5fda3674%2Fresource%2F91b9d43c-55c4-4a2a-9b25-78f2fabba28b%2Fdownload%2Ffct-fbs-food-balances.query.sql,2026-08-28T13:34:11+00:00,5134022.24,51712619.0,2026-07-13,2026-08-28T11:25:50+00:00,category_2,0.09927987286816783,0.034482758620689655,0.13793103448275862,0.00444868077553364,0.04261297405594535,0.08620689655172414,0.08012170385395537,0.023530827415739496,28.0
MEX,Mexico,2010,34925.0,16705.0,1789.0,70.0728316045023,Estimated value,Estimated value,Estimated value,https://api.data.apps.fao.org/api/v2/bigquery?download=true&item_code=2905&sql_url=https%3A%2F%2Fdata.apps.fao.org%2Fcatalog%2Fdataset%2F5c00a4e6-0ec8-4191-a0c0-a7cd5fda3674%2Fresource%2F91b9d43c-55c4-4a2a-9b25-78f2fabba28b%2Fdownload%2Ffct-fbs-food-balances.query.sql,2026-08-28T13:34:11+00:00,34925200.0,113623895.0,2026-07-13,2026-08-28T11:25:50+00:00,flexible_2,0.3073754864678772,0.1724137931034483,0.4827586206896552,0.16179685437905258,0.21416355197814538,0.3275862068965517,0.30933062880324547,0.18798020317859898,21.0
MEX,Mexico,2011,28409.0,18903.0,1837.0,62.4716877405168,Estimated value,Estimated value,Estimated value,https://api.data.apps.fao.org/api/v2/bigquery?download=true&item_code=2905&sql_url=https%3A%2F%2Fdata.apps.fao.org%2Fcatalog%2Fdataset%2F5c00a4e6-0ec8-4191-a0c0-a7cd5fda3674%2Fresource%2F91b9d43c-55c4-4a2a-9b25-78f2fabba28b%2Fdownload%2Ffct-fbs-food-balances.query.sql,2026-08-28T13:34:11+00:00,28408737.0,115243504.0,2026-07-13,2026-08-28T11:25:50+00:00,flexible_2,0.2465105278298376,0.1724137931034483,0.4827586206896552,0.15437156614150915,0.17434417961649873,0.3275862068965517,0.30933062880324547,0.16435787287900394,22.0
MEX,Mexico,2012,33614.0,19108.0,2296.0,66.6600563201523,Estimated value,Estimated value,Estimated value,https://api.data.apps.fao.org/api/v2/bigquery?download=true&item_code=2905&sql_url=https%3A%2F%2Fdata.apps.fao.org%2Fcatalog%2Fdataset%2F5c00a4e6-0ec8-4191-a0c0-a7cd5fda3674%2Fresource%2F91b9d43c-55c4-4a2a-9b25-78f2fabba28b%2Fdownload%2Ffct-fbs-food-balances.query.sql,2026-08-28T13:34:11+00:00,33614212.0,116818208.0,2026-07-13,2026-08-28T11:25:50+00:00,flexible_2,0.28774805379654517,0.20689655172413793,0.4827586206896552,0.08399698692220404,0.2293780114870849,0.3448275862068966,0.3286004056795132,0.15668749920464448,22.0
MEX,Mexico,2013,33210.0,15443.0,2217.0,71.5177879231631,Estimated value,Estimated value,Estimated value,https://api.data.apps.fao.org/api/v2/bigquery?download=true&item_code=2905&sql_url=https%3A%2F%2Fdata.apps.fao.org%2Fcatalog%2Fdataset%2F5c00a4e6-0ec8-4191-a0c0-a7cd5fda3674%2Fresource%2F91b9d43c-55c4-4a2a-9b25-78f2fabba28b%2Fdownload%2Ffct-fbs-food-balances.query.sql,2026-08-28T13:34:11+00:00,33210301.0,118343573.0,2026-07-13,2026-08-28T11:25:50+00:00,flexible_2,0.28062614773343036,0.27586206896551724,0.4827586206896552,0.20959211608544095,0.1821537201455175,0.3793103448275862,0.3671399594320487,0.19587291811547924,20.5
MEX,Mexico,2014,36527.0,17791.0,2609.0,70.6395405055213,Estimated value,Estimated value,Estimated value,https://api.data.apps.fao.org/api/v2/bigquery?download=true&item_code=2905&sql_url=https%3A%2F%2Fdata.apps.fao.org%2Fcatalog%2Fdataset%2F5c00a4e6-0ec8-4191-a0c0-a7cd5fda3674%2Fresource%2F91b9d43c-55c4-4a2a-9b25-78f2fabba28b%2Fdownload%2Ffct-fbs-food-balances.query.sql,2026-08-28T13:34:11+00:00,36526602.49,119784261.0,2026-07-13,2026-08-28T11:25:50+00:00,flexible_2,0.30493657668431084,0.2413793103448276,0.5172413793103449,0.3041829637625415,0.19696215546143533,0.37931034482758624,0.3630831643002028,0.25057255961198843,21.0
MEX,Mexico,2015,34705.0,19742.0,2700.0,67.0666898564168,Estimated value,Estimated value,Estimated value,https://api.data.apps.fao.org/api/v2/bigquery?download=true&item_code=2905&sql_url=https%3A%2F%2Fdata.apps.fao.org%2Fcatalog%2Fdataset%2F5c00a4e6-0ec8-4191-a0c0-a7cd5fda3674%2Fresource%2F91b9d43c-55c4-4a2a-9b25-78f2fabba28b%2Fdownload%2Ffct-fbs-food-balances.query.sql,2026-08-28T13:34:11+00:00,34704514.12,121072306.0,2026-07-13,2026-08-28T11:25:50+00:00,flexible_2,0.28664287702589886,0.2413793103448276,0.4827586206896552,0.2541103538669763,0.1903608914395461,0.3620689655172414,0.34787018255578095,0.2222356226532612,21.5
MEX,Mexico,2016,38465.0,22876.0,4452.0,67.6141257536606,Estimated value,Estimated value,Estimated value,https://api.data.apps.fao.org/api/v2/bigquery?download=true&item_code=2905&sql_url=https%3A%2F%2Fdata.apps.fao.org%2Fcatalog%2Fdataset%2F5c00a4e6-0ec8-4191-a0c0-a7cd5fda3674%2Fresource%2F91b9d43c-55c4-4a2a-9b25-78f2fabba28b%2Fdownload%2Ffct-fbs-food-balances.query.sql,2026-08-28T13:34:11+00:00,38464938.31,122251351.0,2026-07-13,2026-08-28T11:25:50+00:00,flexible_2,0.31463814506229876,0.27586206896551724,0.5517241379310345,0.15151587085933974,0.18179730470229055,0.41379310344827586,0.3975659229208925,0.16665658778081516,19.0
MEX,Mexico,2017,37488.0,24459.0,3764.0,64.4311912414279,Estimated value,Estimated value,Estimated value,https://api.data.apps.fao.org/api/v2/bigquery?download=true&item_code=2905&sql_url=https%3A%2F%2Fdata.apps.fao.org%2Fcatalog%2Fdataset%2F5c00a4e6-0ec8-4191-a0c0-a7cd5fda3674%2Fresource%2F91b9d43c-55c4-4a2a-9b25-78f2fabba28b%2Fdownload%2Ffct-fbs-food-balances.query.sql,2026-08-28T13:34:11+00:00,37487835.84,123400057.0,2026-07-13,2026-08-28T11:25:50+00:00,flexible_2,0.3037910739376725,0.2413793103448276,0.5172413793103449,0.19828796944865454,0.1564339621242541,0.37931034482758624,0.3630831643002028,0.17736096578645433,20.0
MEX,Mexico,2018,36068.0,25734.0,3524.0,61.8895638148186,Estimated value,Estimated value,Estimated value,https://api.data.apps.fao.org/api/v2/bigquery?download=true&item_code=2905&sql_url=https%3A%2F%2Fdata.apps.fao.org%2Fcatalog%2Fdataset%2F5c00a4e6-0ec8-4191-a0c0-a7cd5fda3674%2Fresource%2F91b9d43c-55c4-4a2a-9b25-78f2fabba28b%2Fdownload%2Ffct-fbs-food-balances.query.sql,2026-08-28T13:34:11+00:00,36068401.88,124573711.0,2026-07-13,2026-08-28T11:25:50+00:00,flexible_2,0.28953461842362554,0.2413793103448276,0.5517241379310345,0.1817843124198568,0.16016822246187057,0.39655172413793105,0.37829614604462475,0.1709762674408637,20.0
MEX,Mexico,2019,36164.0,25871.0,2834.0,61.0868059661154,Estimated value,Estimated value,Estimated value,https://api.data.apps.fao.org/api/v2/bigquery?download=true&item_code=2905&sql_url=https%3A%2F%2Fdata.apps.fao.org%2Fcatalog%2Fdataset%2F5c00a4e6-0ec8-4191-a0c0-a7cd5fda3674%2Fresource%2F91b9d43c-55c4-4a2a-9b25-78f2fabba28b%2Fdownload%2Ffct-fbs-food-balances.query.sql,2026-08-28T13:34:11+00:00,36164102.48,125762982.0,2026-07-13,2026-08-28T11:25:50+00:00,flexible_2,0.2875576095993016,0.2413793103448276,0.5517241379310345,0.15782880564325735,0.13627069888913285,0.39655172413793105,0.37829614604462475,0.1470497522661951,19.0
MEX,Mexico,2020,36375.0,23186.0,2063.0,63.2630700198268,Estimated value,Estimated value,Estimated value,https://api.data.apps.fao.org/api/v2/bigquery?download=true&item_code=2905&sql_url=https%3A%2F%2Fdata.apps.fao.org%2Fcatalog%2Fdataset%2F5c00a4e6-0ec8-4191-a0c0-a7cd5fda3674%2Fresource%2F91b9d43c-55c4-4a2a-9b25-78f2fabba28b%2Fdownload%2Ffct-fbs-food-balances.query.sql,2026-08-28T13:34:11+00:00,36374789.68,126799054.0,2026-07-13,2026-08-28T11:25:50+00:00,flexible_2,0.28686956670828156,0.27586206896551724,0.5517241379310345,0.18168510057283355,0.13704219397324732,0.41379310344827586,0.3975659229208925,0.15936364727304042,19.0
MEX,Mexico,2021,36582.0,25215.0,2002.0,61.1790283468517,Estimated value,Estimated value,Estimated value,https://api.data.apps.fao.org/api/v2/bigquery?download=true&item_code=2905&sql_url=https%3A%2F%2Fdata.apps.fao.org%2Fcatalog%2Fdataset%2F5c00a4e6-0ec8-4191-a0c0-a7cd5fda3674%2Fresource%2F91b9d43c-55c4-4a2a-9b25-78f2fabba28b%2Fdownload%2Ffct-fbs-food-balances.query.sql,2026-08-28T13:34:11+00:00,36582135.17,127648148.0,2026-07-13,2026-08-28T11:25:50+00:00,flexible_2,0.2865857103543719,0.2413793103448276,0.5172413793103449,0.16745667916351414,0.12398976750884114,0.37931034482758624,0.3630831643002028,0.14572322333617765,20.0
MEX,Mexico,2022,36330.0,23047.0,1840.0,63.1419782053287,Estimated value,Estimated value,Estimated value,https://api.data.apps.fao.org/api/v2/bigquery?download=true&item_code=2905&sql_url=https%3A%2F%2Fdata.apps.fao.org%2Fcatalog%2Fdataset%2F5c00a4e6-0ec8-4191-a0c0-a7cd5fda3674%2Fresource%2F91b9d43c-55c4-4a2a-9b25-78f2fabba28b%2Fdownload%2Ffct-fbs-food-balances.query.sql,2026-08-28T13:34:11+00:00,36330006.75,128613117.0,2026-07-13,2026-08-28T11:25:50+00:00,flexible_2,0.28247512848942147,0.2413793103448276,0.5172413793103449,0.17512577369007123,0.1376205081025496,0.37931034482758624,0.3630831643002028,0.15637314089631044,20.0
MEX,Mexico,2023,37016.0,25090.0,1964.0,61.547670513119,Estimated value,Estimated value,Estimated value,https://api.data.apps.fao.org/api/v2/bigquery?download=true&item_code=2905&sql_url=https%3A%2F%2Fdata.apps.fao.org%2Fcatalog%2Fdataset%2F5c00a4e6-0ec8-4191-a0c0-a7cd5fda3674%2Fresource%2F91b9d43c-55c4-4a2a-9b25-78f2fabba28b%2Fdownload%2Ffct-fbs-food-balances.query.sql,2026-08-28T13:34:11+00:00,37015878.83,129739759.0,2026-07-13,2026-08-28T11:25:50+00:00,flexible_2,0.2853086757313924,0.20689655172413793,0.5172413793103449,0.21560904974244233,0.1758271230195368,0.3620689655172414,0.3438133874239351,0.19571808638098956,20.0
MMR,Myanmar,2010,34043.0,228.0,49.0,99.4769446554848,Estimated value,Estimated value,Estimated value,https://api.data.apps.fao.org/api/v2/bigquery?download=true&item_code=2905&sql_url=https%3A%2F%2Fdata.apps.fao.org%2Fcatalog%2Fdataset%2F5c00a4e6-0ec8-4191-a0c0-a7cd5fda3674%2Fresource%2F91b9d43c-55c4-4a2a-9b25-78f2fabba28b%2Fdownload%2Ffct-fbs-food-balances.query.sql,2026-08-28T13:34:11+00:00,34557652.0,49024382.0,2026-07-13,2026-08-28T11:25:50+00:00,flexible_2,0.7049074478899091,0.6551724137931034,0.896551724137931,0.2721068049303183,0.5299754429733508,0.7758620689655172,0.7616632860040567,0.40104112395183455,8.0
MMR,Myanmar,2011,30636.0,213.0,198.0,99.9510619555643,Estimated value,Estimated value,Estimated value,https://api.data.apps.fao.org/api/v2/bigquery?download=true&item_code=2905&sql_url=https%3A%2F%2Fdata.apps.fao.org%2Fcatalog%2Fdataset%2F5c00a4e6-0ec8-4191-a0c0-a7cd5fda3674%2Fresource%2F91b9d43c-55c4-4a2a-9b25-78f2fabba28b%2Fdownload%2Ffct-fbs-food-balances.query.sql,2026-08-28T13:34:11+00:00,31094385.0,49419820.0,2026-07-13,2026-08-28T11:25:50+00:00,flexible_2,0.6291885522852977,0.6551724137931034,0.8275862068965517,0.3154087001917364,0.4935451703097284,0.7413793103448276,0.7312373225152129,0.40447693525073236,7.0
MMR,Myanmar,2012,28341.0,284.0,666.0,101.366286347867,Estimated value,Estimated value,Estimated value,https://api.data.apps.fao.org/api/v2/bigquery?download=true&item_code=2905&sql_url=https%3A%2F%2Fdata.apps.fao.org%2Fcatalog%2Fdataset%2F5c00a4e6-0ec8-4191-a0c0-a7cd5fda3674%2Fresource%2F91b9d43c-55c4-4a2a-9b25-78f2fabba28b%2Fdownload%2Ffct-fbs-food-balances.query.sql,2026-08-28T13:34:11+00:00,28762652.42,49837446.0,2026-07-13,2026-08-28T11:25:50+00:00,flexible_2,0.577129342061389,0.6551724137931034,0.8620689655172413,0.15295248047023532,0.4931454530835057,0.7586206896551724,0.7464503042596349,0.3230489667768705,7.5
MMR,Myanmar,2013,28622.0,210.0,889.0,102.429946677164,Estimated value,Estimated value,Estimated value,https://api.data.apps.fao.org/api/v2/bigquery?download=true&item_code=2905&sql_url=https%3A%2F%2Fdata.apps.fao.org%2Fcatalog%2Fdataset%2F5c00a4e6-0ec8-4191-a0c0-a7cd5fda3674%2Fresource%2F91b9d43c-55c4-4a2a-9b25-78f2fabba28b%2Fdownload%2Ffct-fbs-food-balances.query.sql,2026-08-28T13:34:11+00:00,29045647.27,50262658.0,2026-07-13,2026-08-28T11:25:50+00:00,flexible_2,0.5778772636735606,0.6551724137931034,0.7931034482758621,0.35097083310560356,0.4050605024494388,0.7241379310344828,0.7160243407707911,0.37801566777752116,9.0
MMR,Myanmar,2014,28794.0,485.0,2611.0,107.97210139493,Estimated value,Estimated value,Estimated value,https://api.data.apps.fao.org/api/v2/bigquery?download=true&item_code=2905&sql_url=https%3A%2F%2Fdata.apps.fao.org%2Fcatalog%2Fdataset%2F5c00a4e6-0ec8-4191-a0c0-a7cd5fda3674%2Fresource%2F91b9d43c-55c4-4a2a-9b25-78f2fabba28b%2Fdownload%2Ffct-fbs-food-balances.query.sql,2026-08-28T13:34:11+00:00,29218917.6,50681634.0,2026-07-13,2026-08-28T11:25:50+00:00,flexible_2,0.5765188549366819,0.7241379310344828,0.8275862068965517,0.5275134616447683,0.3984903803862495,0.7758620689655172,0.7697768762677485,0.4630019210155089,7.0
MMR,Myanmar,2015,28635.0,514.0,2716.0,108.330495970945,Estimated value,Estimated value,Estimated value,https://api.data.apps.fao.org/api/v2/bigquery?download=true&item_code=2905&sql_url=https%3A%2F%2Fdata.apps.fao.org%2Fcatalog%2Fdataset%2F5c00a4e6-0ec8-4191-a0c0-a7cd5fda3674%2Fresource%2F91b9d43c-55c4-4a2a-9b25-78f2fabba28b%2Fdownload%2Ffct-fbs-food-balances.query.sql,2026-08-28T13:34:11+00:00,29055197.68,51089056.0,2026-07-13,2026-08-28T11:25:50+00:00,flexible_2,0.5687166676166419,0.7241379310344828,0.8275862068965517,0.5098756678249715,0.40676316936035534,0.7758620689655172,0.7697768762677485,0.45831941859266345,8.0
MMR,Myanmar,2016,28109.0,1241.0,1100.0,99.5008849557522,Estimated value,Estimated value,Estimated value,https://api.data.apps.fao.org/api/v2/bigquery?download=true&item_code=2905&sql_url=https%3A%2F%2Fdata.apps.fao.org%2Fcatalog%2Fdataset%2F5c00a4e6-0ec8-4191-a0c0-a7cd5fda3674%2Fresource%2F91b9d43c-55c4-4a2a-9b25-78f2fabba28b%2Fdownload%2Ffct-fbs-food-balances.query.sql,2026-08-28T13:34:11+00:00,28521820.27,51495696.0,2026-07-13,2026-08-28T11:25:50+00:00,flexible_2,0.5538680411271653,0.6896551724137931,0.8620689655172413,0.2681049039423435,0.3397116405672167,0.7758620689655172,0.7657200811359026,0.3039082722547801,7.0
MMR,Myanmar,2017,29010.0,1211.0,3178.0,107.273601301631,Estimated value,Estimated value,Estimated value,https://api.data.apps.fao.org/api/v2/bigquery?download=true&item_code=2905&sql_url=https%3A%2F%2Fdata.apps.fao.org%2Fcatalog%2Fdataset%2F5c00a4e6-0ec8-4191-a0c0-a7cd5fda3674%2Fresource%2F91b9d43c-55c4-4a2a-9b25-78f2fabba28b%2Fdownload%2Ffct-fbs-food-balances.query.sql,2026-08-28T13:34:11+00:00,28500083.54,51894938.0,2026-07-13,2026-08-28T11:25:50+00:00,flexible_2,0.549188121970586,0.7586206896551724,0.7931034482758621,0.41680061367659205,0.30180878640352277,0.7758620689655172,0.7738336713995944,0.35930470004005743,7.0
MMR,Myanmar,2018,30021.0,713.0,2535.0,106.46122202915,Estimated value,Estimated value,Estimated value,https://api.data.apps.fao.org/api/v2/bigquery?download=true&item_code=2905&sql_url=https%3A%2F%2Fdata.apps.fao.org%2Fcatalog%2Fdataset%2F5c00a4e6-0ec8-4191-a0c0-a7cd5fda3674%2Fresource%2F91b9d43c-55c4-4a2a-9b25-78f2fabba28b%2Fdownload%2Ffct-fbs-food-balances.query.sql,2026-08-28T13:34:11+00:00,30463881.13,52272247.0,2026-07-13,2026-08-28T11:25:50+00:00,flexible_2,0.5827926457800828,0.7586206896551724,0.8620689655172413,0.4026779624685261,0.34783170233228344,0.8103448275862069,0.8042596348884381,0.3752548324004048,6.0
MMR,Myanmar,2019,28683.0,820.0,4176.0,113.250681091325,Estimated value,Estimated value,Estimated value,https://api.data.apps.fao.org/api/v2/bigquery?download=true&item_code=2905&sql_url=https%3A%2F%2Fdata.apps.fao.org%2Fcatalog%2Fdataset%2F5c00a4e6-0ec8-4191-a0c0-a7cd5fda3674%2Fresource%2F91b9d43c-55c4-4a2a-9b25-78f2fabba28b%2Fdownload%2Ffct-fbs-food-balances.query.sql,2026-08-28T13:34:11+00:00,29104237.31,52640713.0,2026-07-13,2026-08-28T11:25:50+00:00,flexible_2,0.552884557433711,0.7586206896551724,0.8275862068965517,0.37783197056286155,0.2814307240600653,0.7931034482758621,0.7890466531440162,0.32963134731146343,6.5
MMR,Myanmar,2020,28522.0,1292.0,3990.0,110.447645600991,Estimated value,Estimated value,Estimated value,https://api.data.apps.fao.org/api/v2/bigquery?download=true&item_code=2905&sql_url=https%3A%2F%2Fdata.apps.fao.org%2Fcatalog%2Fdataset%2F5c00a4e6-0ec8-4191-a0c0-a7cd5fda3674%2Fresource%2F91b9d43c-55c4-4a2a-9b25-78f2fabba28b%2Fdownload%2Ffct-fbs-food-balances.query.sql,2026-08-28T13:34:11+00:00,28912459.17,53016522.0,2026-07-13,2026-08-28T11:25:50+00:00,flexible_2,0.5453480929963682,0.8275862068965517,0.8275862068965517,0.38966693341320663,0.27981155324471185,0.8275862068965517,0.8275862068965517,0.3347392433289592,6.0
MMR,Myanmar,2021,30193.0,876.0,3768.0,110.593018570748,Estimated value,Estimated value,Estimated value,https://api.data.apps.fao.org/api/v2/bigquery?download=true&item_code=2905&sql_url=https%3A%2F%2Fdata.apps.fao.org%2Fcatalog%2Fdataset%2F5c00a4e6-0ec8-4191-a0c0-a7cd5fda3674%2Fresource%2F91b9d43c-55c4-4a2a-9b25-78f2fabba28b%2Fdownload%2Ffct-fbs-food-balances.query.sql,2026-08-28T13:34:11+00:00,30140000.71,53387102.0,2026-07-13,2026-08-28T11:25:50+00:00,flexible_2,0.5645558492761042,0.8275862068965517,0.8620689655172413,0.38369311233930087,0.2632828518092361,0.8448275862068966,0.8427991886409736,0.3234879820742685,5.0
MMR,Myanmar,2022,30720.0,416.0,4805.0,116.668565569101,Estimated value,Estimated value,Estimated value,https://api.data.apps.fao.org/api/v2/bigquery?download=true&item_code=2905&sql_url=https%3A%2F%2Fdata.apps.fao.org%2Fcatalog%2Fdataset%2F5c00a4e6-0ec8-4191-a0c0-a7cd5fda3674%2Fresource%2F91b9d43c-55c4-4a2a-9b25-78f2fabba28b%2Fdownload%2Ffct-fbs-food-balances.query.sql,2026-08-28T13:34:11+00:00,30705495.5,53756787.0,2026-07-13,2026-08-28T11:25:50+00:00,flexible_2,0.5711929081624614,0.7931034482758621,0.8275862068965517,0.4027646553073889,0.3010866217202377,0.8103448275862069,0.808316430020284,0.3519256385138133,7.0
MMR,Myanmar,2023,28295.0,460.0,3629.0,112.612433335987,Estimated value,Estimated value,Estimated value,https://api.data.apps.fao.org/api/v2/bigquery?download=true&item_code=2905&sql_url=https%3A%2F%2Fdata.apps.fao.org%2Fcatalog%2Fdataset%2F5c00a4e6-0ec8-4191-a0c0-a7cd5fda3674%2Fresource%2F91b9d43c-55c4-4a2a-9b25-78f2fabba28b%2Fdownload%2Ffct-fbs-food-balances.query.sql,2026-08-28T13:34:11+00:00,28283371.35,54133798.0,2026-07-13,2026-08-28T11:25:50+00:00,flexible_2,0.5224715869741857,0.7931034482758621,0.7931034482758621,0.49429116035714876,0.3456581110207077,0.7931034482758621,0.7931034482758621,0.41997463568892823,7.0
MYS,Malaysia,2010,2538.0,7366.0,593.0,27.2580818386854,Estimated value,Estimated value,Estimated value,https://api.data.apps.fao.org/api/v2/bigquery?download=true&item_code=2905&sql_url=https%3A%2F%2Fdata.apps.fao.org%2Fcatalog%2Fdataset%2F5c00a4e6-0ec8-4191-a0c0-a7cd5fda3674%2Fresource%2F91b9d43c-55c4-4a2a-9b25-78f2fabba28b%2Fdownload%2Ffct-fbs-food-balances.query.sql,2026-08-28T13:34:11+00:00,2464830.0,28655776.0,2026-07-13,2026-08-28T11:25:50+00:00,unclassified,0.08601511960450836,0.034482758620689655,0.06896551724137931,0.0011767084374538403,0.038307915615120425,0.05172413793103448,0.04969574036511156,0.019742312026287134,29.5
MYS,Malaysia,2011,2661.0,7991.0,627.0,26.5436408977556,Estimated value,Estimated value,Estimated value,https://api.data.apps.fao.org/api/v2/bigquery?download=true&item_code=2905&sql_url=https%3A%2F%2Fdata.apps.fao.org%2Fcatalog%2Fdataset%2F5c00a4e6-0ec8-4191-a0c0-a7cd5fda3674%2Fresource%2F91b9d43c-55c4-4a2a-9b25-78f2fabba28b%2Fdownload%2Ffct-fbs-food-balances.query.sql,2026-08-28T13:34:11+00:00,2575988.0,29162039.0,2026-07-13,2026-08-28T11:25:50+00:00,unclassified,0.0883336038333945,0.0,0.06896551724137931,0.0,0.04240498369240957,0.034482758620689655,0.030425963488843813,0.021202491846204784,30.0
MYS,Malaysia,2012,2708.0,8086.0,698.0,26.8225039619651,Estimated value,Estimated value,Estimated value,https://api.data.apps.fao.org/api/v2/bigquery?download=true&item_code=2905&sql_url=https%3A%2F%2Fdata.apps.fao.org%2Fcatalog%2Fdataset%2F5c00a4e6-0ec8-4191-a0c0-a7cd5fda3674%2Fresource%2F91b9d43c-55c4-4a2a-9b25-78f2fabba28b%2Fdownload%2Ffct-fbs-food-balances.query.sql,2026-08-28T13:34:11+00:00,2599382.0,29662831.0,2026-07-13,2026-08-28T11:25:50+00:00,unclassified,0.08763094796986842,0.034482758620689655,0.06896551724137931,0.004846411293254984,0.046973760887183975,0.05172413793103448,0.04969574036511156,0.02591008609021948,29.5
MYS,Malaysia,2013,2715.0,8320.0,694.0,26.2547142442704,Estimated value,Estimated value,Estimated value,https://api.data.apps.fao.org/api/v2/bigquery?download=true&item_code=2905&sql_url=https%3A%2F%2Fdata.apps.fao.org%2Fcatalog%2Fdataset%2F5c00a4e6-0ec8-4191-a0c0-a7cd5fda3674%2Fresource%2F91b9d43c-55c4-4a2a-9b25-78f2fabba28b%2Fdownload%2Ffct-fbs-food-balances.query.sql,2026-08-28T13:34:11+00:00,2603654.0,30174265.0,2026-07-13,2026-08-28T11:25:50+00:00,unclassified,0.0862872384795454,0.034482758620689655,0.06896551724137931,0.0025785802131622023,0.0364201682251867,0.05172413793103448,0.04969574036511156,0.01949937421917445,29.5
MYS,Malaysia,2014,1917.0,8609.0,840.0,19.7914515795994,Estimated value,Estimated value,Estimated value,https://api.data.apps.fao.org/api/v2/bigquery?download=true&item_code=2905&sql_url=https%3A%2F%2Fdata.apps.fao.org%2Fcatalog%2Fdataset%2F5c00a4e6-0ec8-4191-a0c0-a7cd5fda3674%2Fresource%2F91b9d43c-55c4-4a2a-9b25-78f2fabba28b%2Fdownload%2Ffct-fbs-food-balances.query.sql,2026-08-28T13:34:11+00:00,2844983.0,30696137.0,2026-07-13,2026-08-28T11:25:50+00:00,unclassified,0.09268211827436136,0.0,0.10344827586206896,0.0,0.03945826930585381,0.05172413793103448,0.04563894523326572,0.019729134652926906,29.5
MYS,Malaysia,2015,2827.0,8392.0,917.0,27.4412735391186,Estimated value,Estimated value,Estimated value,https://api.data.apps.fao.org/api/v2/bigquery?download=true&item_code=2905&sql_url=https%3A%2F%2Fdata.apps.fao.org%2Fcatalog%2Fdataset%2F5c00a4e6-0ec8-4191-a0c0-a7cd5fda3674%2Fresource%2F91b9d43c-55c4-4a2a-9b25-78f2fabba28b%2Fdownload%2Ffct-fbs-food-balances.query.sql,2026-08-28T13:34:11+00:00,2741404.0,31232798.0,2026-07-13,2026-08-28T11:25:50+00:00,unclassified,0.08777324401099126,0.034482758620689655,0.06896551724137931,0.008500266009817374,0.03779144674363146,0.05172413793103448,0.04969574036511156,0.02314585637672442,29.5
MYS,Malaysia,2016,2828.0,8332.0,997.0,27.8264292039752,Estimated value,Estimated value,Estimated value,https://api.data.apps.fao.org/api/v2/bigquery?download=true&item_code=2905&sql_url=https%3A%2F%2Fdata.apps.fao.org%2Fcatalog%2Fdataset%2F5c00a4e6-0ec8-4191-a0c0-a7cd5fda3674%2Fresource%2F91b9d43c-55c4-4a2a-9b25-78f2fabba28b%2Fdownload%2Ffct-fbs-food-balances.query.sql,2026-08-28T13:34:11+00:00,2739606.0,31789685.0,2026-07-13,2026-08-28T11:25:50+00:00,unclassified,0.08617908607776391,0.034482758620689655,0.10344827586206896,0.006038274972972457,0.030992739030086158,0.06896551724137931,0.06490872210953347,0.01851550700152931,28.5
MYS,Malaysia,2017,2666.0,8549.0,1000.0,26.0988742046011,Estimated value,Estimated value,Estimated value,https://api.data.apps.fao.org/api/v2/bigquery?download=true&item_code=2905&sql_url=https%3A%2F%2Fdata.apps.fao.org%2Fcatalog%2Fdataset%2F5c00a4e6-0ec8-4191-a0c0-a7cd5fda3674%2Fresource%2F91b9d43c-55c4-4a2a-9b25-78f2fabba28b%2Fdownload%2Ffct-fbs-food-balances.query.sql,2026-08-28T13:34:11+00:00,2570513.0,32355644.0,2026-07-13,2026-08-28T11:25:50+00:00,unclassified,0.07944558297155205,0.034482758620689655,0.06896551724137931,0.002778521139598979,0.023530218625792357,0.05172413793103448,0.04969574036511156,0.013154369882695669,30.0
MYS,Malaysia,2018,2731.0,9047.0,1098.0,25.5711610486891,Estimated value,Estimated value,Estimated value,https://api.data.apps.fao.org/api/v2/bigquery?download=true&item_code=2905&sql_url=https%3A%2F%2Fdata.apps.fao.org%2Fcatalog%2Fdataset%2F5c00a4e6-0ec8-4191-a0c0-a7cd5fda3674%2Fresource%2F91b9d43c-55c4-4a2a-9b25-78f2fabba28b%2Fdownload%2Ffct-fbs-food-balances.query.sql,2026-08-28T13:34:11+00:00,2639202.0,32910967.0,2026-07-13,2026-08-28T11:25:50+00:00,unclassified,0.080192174237846,0.034482758620689655,0.034482758620689655,0.0017931504942610024,0.026204518502528466,0.034482758620689655,0.034482758620689655,0.013998834498394735,30.0
MYS,Malaysia,2019,2437.0,9184.0,1323.0,23.6647892794717,Estimated value,Estimated value,Estimated value,https://api.data.apps.fao.org/api/v2/bigquery?download=true&item_code=2905&sql_url=https%3A%2F%2Fdata.apps.fao.org%2Fcatalog%2Fdataset%2F5c00a4e6-0ec8-4191-a0c0-a7cd5fda3674%2Fresource%2F91b9d43c-55c4-4a2a-9b25-78f2fabba28b%2Fdownload%2Ffct-fbs-food-balances.query.sql,2026-08-28T13:34:11+00:00,2352870.0,33440596.0,2026-07-13,2026-08-28T11:25:50+00:00,unclassified,0.07035969095766116,0.0,0.034482758620689655,0.0,0.017442002465987854,0.017241379310344827,0.015212981744421906,0.008721001232993927,30.0
MYS,Malaysia,2020,2450.0,9619.0,1268.0,22.6830848995463,Estimated value,Estimated value,Estimated value,https://api.data.apps.fao.org/api/v2/bigquery?download=true&item_code=2905&sql_url=https%3A%2F%2Fdata.apps.fao.org%2Fcatalog%2Fdataset%2F5c00a4e6-0ec8-4191-a0c0-a7cd5fda3674%2Fresource%2F91b9d43c-55c4-4a2a-9b25-78f2fabba28b%2Fdownload%2Ffct-fbs-food-balances.query.sql,2026-08-28T13:34:11+00:00,2356391.9,33889558.0,2026-07-13,2026-08-28T11:25:50+00:00,unclassified,0.0695315028894741,0.034482758620689655,0.034482758620689655,0.002815214005067903,0.01699656943990303,0.034482758620689655,0.034482758620689655,0.009905891722485467,30.0
MYS,Malaysia,2021,2542.0,9167.0,1296.0,24.4117929511188,Estimated value,Estimated value,Estimated value,https://api.data.apps.fao.org/api/v2/bigquery?download=true&item_code=2905&sql_url=https%3A%2F%2Fdata.apps.fao.org%2Fcatalog%2Fdataset%2F5c00a4e6-0ec8-4191-a0c0-a7cd5fda3674%2Fresource%2F91b9d43c-55c4-4a2a-9b25-78f2fabba28b%2Fdownload%2Ffct-fbs-food-balances.query.sql,2026-08-28T13:34:11+00:00,2442070.8,34282399.0,2026-07-13,2026-08-28T11:25:50+00:00,unclassified,0.07123395302644951,0.034482758620689655,0.034482758620689655,0.006562652923490946,0.016075260561881934,0.034482758620689655,0.034482758620689655,0.01131895674268644,30.0
MYS,Malaysia,2022,2308.0,9109.0,1333.0,22.8877429591432,Estimated value,Estimated value,Estimated value,https://api.data.apps.fao.org/api/v2/bigquery?download=true&item_code=2905&sql_url=https%3A%2F%2Fdata.apps.fao.org%2Fcatalog%2Fdataset%2F5c00a4e6-0ec8-4191-a0c0-a7cd5fda3674%2Fresource%2F91b9d43c-55c4-4a2a-9b25-78f2fabba28b%2Fdownload%2Ffct-fbs-food-balances.query.sql,2026-08-28T13:34:11+00:00,2282576.1,34695493.0,2026-07-13,2026-08-28T11:25:50+00:00,unclassified,0.06578883603123899,0.034482758620689655,0.034482758620689655,0.003931801813507278,0.0149371522576917,0.034482758620689655,0.034482758620689655,0.009434477035599489,30.0
MYS,Malaysia,2023,2193.0,9211.0,1454.0,22.0402010050251,Estimated value,Estimated value,Estimated value,https://api.data.apps.fao.org/api/v2/bigquery?download=true&item_code=2905&sql_url=https%3A%2F%2Fdata.apps.fao.org%2Fcatalog%2Fdataset%2F5c00a4e6-0ec8-4191-a0c0-a7cd5fda3674%2Fresource%2F91b9d43c-55c4-4a2a-9b25-78f2fabba28b%2Fdownload%2Ffct-fbs-food-balances.query.sql,2026-08-28T13:34:11+00:00,2167306.44,35126298.0,2026-07-13,2026-08-28T11:25:50+00:00,unclassified,0.06170039438827285,0.0,0.034482758620689655,0.0,0.01570252703298893,0.017241379310344827,0.015212981744421906,0.007851263516494464,30.0
NGA,Nigeria,2010,24650.0,6950.0,2.0,78.0112665358567,Estimated value,Estimated value,Estimated value,https://api.data.apps.fao.org/api/v2/bigquery?download=true&item_code=2905&sql_url=https%3A%2F%2Fdata.apps.fao.org%2Fcatalog%2Fdataset%2F5c00a4e6-0ec8-4191-a0c0-a7cd5fda3674%2Fresource%2F91b9d43c-55c4-4a2a-9b25-78f2fabba28b%2Fdownload%2Ffct-fbs-food-balances.query.sql,2026-08-28T13:34:11+00:00,24650297.14,166642886.0,2026-07-13,2026-08-28T11:25:50+00:00,category_3,0.147922889069504,0.3448275862068966,0.1724137931034483,0.19157800653330487,0.08748939443784921,0.25862068965517243,0.26876267748478705,0.13953370048557703,24.0
NGA,Nigeria,2011,20700.0,7500.0,4.0,73.41466874734,Estimated value,Estimated value,Estimated value,https://api.data.apps.fao.org/api/v2/bigquery?download=true&item_code=2905&sql_url=https%3A%2F%2Fdata.apps.fao.org%2Fcatalog%2Fdataset%2F5c00a4e6-0ec8-4191-a0c0-a7cd5fda3674%2Fresource%2F91b9d43c-55c4-4a2a-9b25-78f2fabba28b%2Fdownload%2Ffct-fbs-food-balances.query.sql,2026-08-28T13:34:11+00:00,20699525.8,171379598.0,2026-07-13,2026-08-28T11:25:50+00:00,category_3,0.120781738559102,0.27586206896551724,0.1724137931034483,0.2013901286498812,0.06947075723749781,0.22413793103448276,0.2302231237322515,0.1354304429436895,24.5
NGA,Nigeria,2012,21427.0,5950.0,3.0,78.2750054796522,Estimated value,Estimated value,Estimated value,https://api.data.apps.fao.org/api/v2/bigquery?download=true&item_code=2905&sql_url=https%3A%2F%2Fdata.apps.fao.org%2Fcatalog%2Fdataset%2F5c00a4e6-0ec8-4191-a0c0-a7cd5fda3674%2Fresource%2F91b9d43c-55c4-4a2a-9b25-78f2fabba28b%2Fdownload%2Ffct-fbs-food-balances.query.sql,2026-08-28T13:34:11+00:00,21427122.03,176200625.0,2026-07-13,2026-08-28T11:25:50+00:00,category_3,0.12160639061297314,0.3103448275862069,0.1724137931034483,0.10707395469395671,0.07794195387855643,0.2413793103448276,0.2494929006085193,0.09250795428625658,24.0
NGA,Nigeria,2013,19618.0,7152.0,3.0,73.2917398288938,Estimated value,Estimated value,Estimated value,https://api.data.apps.fao.org/api/v2/bigquery?download=true&item_code=2905&sql_url=https%3A%2F%2Fdata.apps.fao.org%2Fcatalog%2Fdataset%2F5c00a4e6-0ec8-4191-a0c0-a7cd5fda3674%2Fresource%2F91b9d43c-55c4-4a2a-9b25-78f2fabba28b%2Fdownload%2Ffct-fbs-food-balances.query.sql,2026-08-28T13:34:11+00:00,20612563.18,181049443.0,2026-07-13,2026-08-28T11:25:50+00:00,category_3,0.11385046448334006,0.3103448275862069,0.13793103448275862,0.2177053975448026,0.05708966175758142,0.22413793103448276,0.23427991886409738,0.137397529651192,24.0
NGA,Nigeria,2014,24517.0,7504.0,25.0,76.6252031503938,Estimated value,Estimated value,Estimated value,https://api.data.apps.fao.org/api/v2/bigquery?download=true&item_code=2905&sql_url=https%3A%2F%2Fdata.apps.fao.org%2Fcatalog%2Fdataset%2F5c00a4e6-0ec8-4191-a0c0-a7cd5fda3674%2Fresource%2F91b9d43c-55c4-4a2a-9b25-78f2fabba28b%2Fdownload%2Ffct-fbs-food-balances.query.sql,2026-08-28T13:34:11+00:00,26383664.0,185896915.0,2026-07-13,2026-08-28T11:25:50+00:00,category_3,0.1419263143769761,0.3103448275862069,0.1724137931034483,0.3399903390613968,0.07600003297420081,0.2413793103448276,0.2494929006085193,0.20799518601779882,24.0
NGA,Nigeria,2015,25452.0,5987.0,30.0,81.0340985067974,Estimated value,Estimated value,Estimated value,https://api.data.apps.fao.org/api/v2/bigquery?download=true&item_code=2905&sql_url=https%3A%2F%2Fdata.apps.fao.org%2Fcatalog%2Fdataset%2F5c00a4e6-0ec8-4191-a0c0-a7cd5fda3674%2Fresource%2F91b9d43c-55c4-4a2a-9b25-78f2fabba28b%2Fdownload%2Ffct-fbs-food-balances.query.sql,2026-08-28T13:34:11+00:00,26069496.24,190671878.0,2026-07-13,2026-08-28T11:25:50+00:00,category_3,0.13672439015888854,0.3793103448275862,0.1724137931034483,0.34068449704535964,0.07534594449067261,0.27586206896551724,0.2880324543610548,0.20801522076801612,23.0
NGA,Nigeria,2016,28363.0,4874.0,16.0,85.3767195448662,Estimated value,Estimated value,Estimated value,https://api.data.apps.fao.org/api/v2/bigquery?download=true&item_code=2905&sql_url=https%3A%2F%2Fdata.apps.fao.org%2Fcatalog%2Fdataset%2F5c00a4e6-0ec8-4191-a0c0-a7cd5fda3674%2Fresource%2F91b9d43c-55c4-4a2a-9b25-78f2fabba28b%2Fdownload%2Ffct-fbs-food-balances.query.sql,2026-08-28T13:34:11+00:00,27531583.48,195443700.0,2026-07-13,2026-08-28T11:25:50+00:00,category_3,0.14086708080127422,0.4827586206896552,0.1724137931034483,0.21646206442005084,0.06709198293146745,0.3275862068965517,0.345841784989858,0.14177702367575915,23.0
NGA,Nigeria,2017,26835.0,6710.0,29.0,80.0662370211242,Estimated value,Estimated value,Estimated value,https://api.data.apps.fao.org/api/v2/bigquery?download=true&item_code=2905&sql_url=https%3A%2F%2Fdata.apps.fao.org%2Fcatalog%2Fdataset%2F5c00a4e6-0ec8-4191-a0c0-a7cd5fda3674%2Fresource%2F91b9d43c-55c4-4a2a-9b25-78f2fabba28b%2Fdownload%2Ffct-fbs-food-balances.query.sql,2026-08-28T13:34:11+00:00,27102164.73,200254579.0,2026-07-13,2026-08-28T11:25:50+00:00,category_3,0.13533855188399962,0.41379310344827586,0.1724137931034483,0.2780326708122196,0.05664158080079246,0.2931034482758621,0.30730223123732253,0.16733712580650603,23.0
NGA,Nigeria,2018,28465.0,5353.0,29.0,84.2433928201486,Estimated value,Estimated value,Estimated value,https://api.data.apps.fao.org/api/v2/bigquery?download=true&item_code=2905&sql_url=https%3A%2F%2Fdata.apps.fao.org%2Fcatalog%2Fdataset%2F5c00a4e6-0ec8-4191-a0c0-a7cd5fda3674%2Fresource%2F91b9d43c-55c4-4a2a-9b25-78f2fabba28b%2Fdownload%2Ffct-fbs-food-balances.query.sql,2026-08-28T13:34:11+00:00,28190605.17,204938755.0,2026-07-13,2026-08-28T11:25:50+00:00,category_3,0.13755624293706675,0.4482758620689655,0.1724137931034483,0.2925681396179993,0.0629132860294139,0.3103448275862069,0.3265720081135903,0.17774071282370663,23.0
NGA,Nigeria,2019,29943.0,6456.0,57.0,82.3922734026746,Estimated value,Estimated value,Estimated value,https://api.data.apps.fao.org/api/v2/bigquery?download=true&item_code=2905&sql_url=https%3A%2F%2Fdata.apps.fao.org%2Fcatalog%2Fdataset%2F5c00a4e6-0ec8-4191-a0c0-a7cd5fda3674%2Fresource%2F91b9d43c-55c4-4a2a-9b25-78f2fabba28b%2Fdownload%2Ffct-fbs-food-balances.query.sql,2026-08-28T13:34:11+00:00,29797188.79,209485641.0,2026-07-13,2026-08-28T11:25:50+00:00,category_3,0.14223976711606692,0.4482758620689655,0.1724137931034483,0.24768544023728772,0.05676749785801511,0.3103448275862069,0.3265720081135903,0.1522264690476514,24.0
NGA,Nigeria,2020,29208.0,6533.0,23.0,81.7738955148665,Estimated value,Estimated value,Estimated value,https://api.data.apps.fao.org/api/v2/bigquery?download=true&item_code=2905&sql_url=https%3A%2F%2Fdata.apps.fao.org%2Fcatalog%2Fdataset%2F5c00a4e6-0ec8-4191-a0c0-a7cd5fda3674%2Fresource%2F91b9d43c-55c4-4a2a-9b25-78f2fabba28b%2Fdownload%2Ffct-fbs-food-balances.query.sql,2026-08-28T13:34:11+00:00,29211452.39,213996181.0,2026-07-13,2026-08-28T11:25:50+00:00,category_3,0.13650455000409564,0.41379310344827586,0.1724137931034483,0.2632777686519235,0.053988806908616994,0.2931034482758621,0.30730223123732253,0.15863328778027025,23.0
NGA,Nigeria,2021,29913.0,6939.0,23.0,81.2213201553124,Estimated value,Estimated value,Estimated value,https://api.data.apps.fao.org/api/v2/bigquery?download=true&item_code=2905&sql_url=https%3A%2F%2Fdata.apps.fao.org%2Fcatalog%2Fdataset%2F5c00a4e6-0ec8-4191-a0c0-a7cd5fda3674%2Fresource%2F91b9d43c-55c4-4a2a-9b25-78f2fabba28b%2Fdownload%2Ffct-fbs-food-balances.query.sql,2026-08-28T13:34:11+00:00,29860718.74,218529286.0,2026-07-13,2026-08-28T11:25:50+00:00,category_3,0.13664401365407838,0.4482758620689655,0.1724137931034483,0.25516207744632663,0.04885277085288364,0.3103448275862069,0.3265720081135903,0.15200742414960514,23.0
NGA,Nigeria,2022,30317.0,5335.0,40.0,85.1314163765023,Estimated value,Estimated value,Estimated value,https://api.data.apps.fao.org/api/v2/bigquery?download=true&item_code=2905&sql_url=https%3A%2F%2Fdata.apps.fao.org%2Fcatalog%2Fdataset%2F5c00a4e6-0ec8-4191-a0c0-a7cd5fda3674%2Fresource%2F91b9d43c-55c4-4a2a-9b25-78f2fabba28b%2Fdownload%2Ffct-fbs-food-balances.query.sql,2026-08-28T13:34:11+00:00,30314053.56,223150896.0,2026-07-13,2026-08-28T11:25:50+00:00,category_3,0.1358455381689348,0.4827586206896552,0.1724137931034483,0.2686428716260966,0.05460182702863888,0.3275862068965517,0.345841784989858,0.16162234932736774,22.0
NGA,Nigeria,2023,28054.0,5077.0,57.0,84.8219144947693,Estimated value,Estimated value,Estimated value,https://api.data.apps.fao.org/api/v2/bigquery?download=true&item_code=2905&sql_url=https%3A%2F%2Fdata.apps.fao.org%2Fcatalog%2Fdataset%2F5c00a4e6-0ec8-4191-a0c0-a7cd5fda3674%2Fresource%2F91b9d43c-55c4-4a2a-9b25-78f2fabba28b%2Fdownload%2Ffct-fbs-food-balances.query.sql,2026-08-28T13:34:11+00:00,28048997.48,227882945.0,2026-07-13,2026-08-28T11:25:50+00:00,category_3,0.1230851105597218,0.4827586206896552,0.1724137931034483,0.3426264895035313,0.05965976697804975,0.3275862068965517,0.345841784989858,0.20114312824079053,21.5
PAK,Pakistan,2010,34861.0,323.0,6314.0,120.751645306547,Estimated value,Estimated value,Estimated value,https://api.data.apps.fao.org/api/v2/bigquery?download=true&item_code=2905&sql_url=https%3A%2F%2Fdata.apps.fao.org%2Fcatalog%2Fdataset%2F5c00a4e6-0ec8-4191-a0c0-a7cd5fda3674%2Fresource%2F91b9d43c-55c4-4a2a-9b25-78f2fabba28b%2Fdownload%2Ffct-fbs-food-balances.query.sql,2026-08-28T13:34:11+00:00,34811258.0,199239047.0,2026-07-13,2026-08-28T11:25:50+00:00,category_3,0.1747210625836812,0.8275862068965517,0.20689655172413793,0.35191914862327783,0.10877870617634654,0.5172413793103449,0.5537525354969574,0.2303489273998122,14.0
PAK,Pakistan,2011,39341.0,163.0,8667.0,127.577261082466,Estimated value,Estimated value,Estimated value,https://api.data.apps.fao.org/api/v2/bigquery?download=true&item_code=2905&sql_url=https%3A%2F%2Fdata.apps.fao.org%2Fcatalog%2Fdataset%2F5c00a4e6-0ec8-4191-a0c0-a7cd5fda3674%2Fresource%2F91b9d43c-55c4-4a2a-9b25-78f2fabba28b%2Fdownload%2Ffct-fbs-food-balances.query.sql,2026-08-28T13:34:11+00:00,39304580.0,203746065.0,2026-07-13,2026-08-28T11:25:50+00:00,category_3,0.19290963975181558,0.896551724137931,0.27586206896551724,0.4341098264851147,0.12963438317368542,0.5862068965517242,0.6227180527383367,0.28187210482940006,11.5
PAK,Pakistan,2012,36532.0,162.0,6488.0,120.942859034629,Estimated value,Estimated value,Estimated value,https://api.data.apps.fao.org/api/v2/bigquery?download=true&item_code=2905&sql_url=https%3A%2F%2Fdata.apps.fao.org%2Fcatalog%2Fdataset%2F5c00a4e6-0ec8-4191-a0c0-a7cd5fda3674%2Fresource%2F91b9d43c-55c4-4a2a-9b25-78f2fabba28b%2Fdownload%2Ffct-fbs-food-balances.query.sql,2026-08-28T13:34:11+00:00,36496350.0,207667125.0,2026-07-13,2026-08-28T11:25:50+00:00,category_3,0.1757444756843434,0.896551724137931,0.2413793103448276,0.1918478669906557,0.12728814442815303,0.5689655172413793,0.6075050709939148,0.15956800570940438,12.5
PAK,Pakistan,2013,40146.0,554.0,6529.0,117.485587193819,Estimated value,Estimated value,Estimated value,https://api.data.apps.fao.org/api/v2/bigquery?download=true&item_code=2905&sql_url=https%3A%2F%2Fdata.apps.fao.org%2Fcatalog%2Fdataset%2F5c00a4e6-0ec8-4191-a0c0-a7cd5fda3674%2Fresource%2F91b9d43c-55c4-4a2a-9b25-78f2fabba28b%2Fdownload%2Ffct-fbs-food-balances.query.sql,2026-08-28T13:34:11+00:00,40109711.0,211073978.0,2026-07-13,2026-08-28T11:25:50+00:00,category_3,0.19002679240735207,0.8275862068965517,0.2413793103448276,0.4198287591113688,0.11421382121301597,0.5344827586206896,0.5689655172413793,0.2670212901621924,13.0
PAK,Pakistan,2014,41931.0,787.0,5981.0,114.138334648991,Estimated value,Estimated value,Estimated value,https://api.data.apps.fao.org/api/v2/bigquery?download=true&item_code=2905&sql_url=https%3A%2F%2Fdata.apps.fao.org%2Fcatalog%2Fdataset%2F5c00a4e6-0ec8-4191-a0c0-a7cd5fda3674%2Fresource%2F91b9d43c-55c4-4a2a-9b25-78f2fabba28b%2Fdownload%2Ffct-fbs-food-balances.query.sql,2026-08-28T13:34:11+00:00,41895811.0,214264647.0,2026-07-13,2026-08-28T11:25:50+00:00,category_3,0.19553300829884457,0.7931034482758621,0.20689655172413793,0.5644010447593271,0.11577899771255139,0.5,0.5344827586206896,0.34009002123593923,13.5
PAK,Pakistan,2015,41144.0,200.0,7030.0,119.904412193274,Estimated value,Estimated value,Estimated value,https://api.data.apps.fao.org/api/v2/bigquery?download=true&item_code=2905&sql_url=https%3A%2F%2Fdata.apps.fao.org%2Fcatalog%2Fdataset%2F5c00a4e6-0ec8-4191-a0c0-a7cd5fda3674%2Fresource%2F91b9d43c-55c4-4a2a-9b25-78f2fabba28b%2Fdownload%2Ffct-fbs-food-balances.query.sql,2026-08-28T13:34:11+00:00,41081682.0,217290883.0,2026-07-13,2026-08-28T11:25:50+00:00,category_3,0.18906307265546893,0.8275862068965517,0.20689655172413793,0.5816142347451296,0.11549930326928748,0.5172413793103449,0.5537525354969574,0.34855676900720856,13.5
PAK,Pakistan,2016,42594.0,334.0,6421.0,116.67351466842,Estimated value,Estimated value,Estimated value,https://api.data.apps.fao.org/api/v2/bigquery?download=true&item_code=2905&sql_url=https%3A%2F%2Fdata.apps.fao.org%2Fcatalog%2Fdataset%2F5c00a4e6-0ec8-4191-a0c0-a7cd5fda3674%2Fresource%2F91b9d43c-55c4-4a2a-9b25-78f2fabba28b%2Fdownload%2Ffct-fbs-food-balances.query.sql,2026-08-28T13:34:11+00:00,42555022.0,220138869.0,2026-07-13,2026-08-28T11:25:50+00:00,category_3,0.19330989658168907,0.8275862068965517,0.2413793103448276,0.330893984544836,0.10170919658692704,0.5344827586206896,0.5689655172413793,0.2163015905658815,13.0
PAK,Pakistan,2017,44327.0,130.0,4871.0,111.976456322942,Estimated value,Estimated value,Estimated value,https://api.data.apps.fao.org/api/v2/bigquery?download=true&item_code=2905&sql_url=https%3A%2F%2Fdata.apps.fao.org%2Fcatalog%2Fdataset%2F5c00a4e6-0ec8-4191-a0c0-a7cd5fda3674%2Fresource%2F91b9d43c-55c4-4a2a-9b25-78f2fabba28b%2Fdownload%2Ffct-fbs-food-balances.query.sql,2026-08-28T13:34:11+00:00,44299994.5,223273967.0,2026-07-13,2026-08-28T11:25:50+00:00,category_3,0.19841092580220065,0.7931034482758621,0.2413793103448276,0.4407869693620739,0.09400606969230108,0.5172413793103449,0.5496957403651116,0.26739651952718746,12.5
PAK,Pakistan,2018,43292.0,177.0,7926.0,121.80176124694,Estimated value,Estimated value,Estimated value,https://api.data.apps.fao.org/api/v2/bigquery?download=true&item_code=2905&sql_url=https%3A%2F%2Fdata.apps.fao.org%2Fcatalog%2Fdataset%2F5c00a4e6-0ec8-4191-a0c0-a7cd5fda3674%2Fresource%2F91b9d43c-55c4-4a2a-9b25-78f2fabba28b%2Fdownload%2Ffct-fbs-food-balances.query.sql,2026-08-28T13:34:11+00:00,43254398.0,226928892.0,2026-07-13,2026-08-28T11:25:50+00:00,category_3,0.1906077168878082,0.8275862068965517,0.27586206896551724,0.4787044743213615,0.09686231141022411,0.5517241379310345,0.5841784989858012,0.2877833928657928,12.0
PAK,Pakistan,2019,43956.0,108.0,7647.0,120.701870005767,Estimated value,Estimated value,Estimated value,https://api.data.apps.fao.org/api/v2/bigquery?download=true&item_code=2905&sql_url=https%3A%2F%2Fdata.apps.fao.org%2Fcatalog%2Fdataset%2F5c00a4e6-0ec8-4191-a0c0-a7cd5fda3674%2Fresource%2F91b9d43c-55c4-4a2a-9b25-78f2fabba28b%2Fdownload%2Ffct-fbs-food-balances.query.sql,2026-08-28T13:34:11+00:00,43912063.0,230800899.0,2026-07-13,2026-08-28T11:25:50+00:00,category_3,0.1902594972127903,0.8275862068965517,0.2413793103448276,0.40925764857578356,0.08303902921370714,0.5344827586206896,0.5689655172413793,0.24614833889474536,14.0
PAK,Pakistan,2020,47272.0,2588.0,5871.0,107.463229443725,Estimated value,Estimated value,Estimated value,https://api.data.apps.fao.org/api/v2/bigquery?download=true&item_code=2905&sql_url=https%3A%2F%2Fdata.apps.fao.org%2Fcatalog%2Fdataset%2F5c00a4e6-0ec8-4191-a0c0-a7cd5fda3674%2Fresource%2F91b9d43c-55c4-4a2a-9b25-78f2fabba28b%2Fdownload%2Ffct-fbs-food-balances.query.sql,2026-08-28T13:34:11+00:00,47226053.0,235001746.0,2026-07-13,2026-08-28T11:25:50+00:00,category_3,0.2009604345663032,0.7586206896551724,0.20689655172413793,0.3765121188429472,0.089590701860484,0.48275862068965514,0.5152129817444219,0.23305141035171562,15.0
PAK,Pakistan,2021,51374.0,2598.0,6437.0,108.076154412538,Estimated value,Estimated value,Estimated value,https://api.data.apps.fao.org/api/v2/bigquery?download=true&item_code=2905&sql_url=https%3A%2F%2Fdata.apps.fao.org%2Fcatalog%2Fdataset%2F5c00a4e6-0ec8-4191-a0c0-a7cd5fda3674%2Fresource%2F91b9d43c-55c4-4a2a-9b25-78f2fabba28b%2Fdownload%2Ffct-fbs-food-balances.query.sql,2026-08-28T13:34:11+00:00,51304736.0,239477801.0,2026-07-13,2026-08-28T11:25:50+00:00,category_3,0.21423587399652128,0.7241379310344828,0.3103448275862069,0.37267927342660934,0.08773467948389516,0.5172413793103449,0.5415821501014199,0.23020697645525223,13.5
PAK,Pakistan,2022,48558.0,2442.0,7630.0,111.962185842748,Estimated value,Estimated value,Estimated value,https://api.data.apps.fao.org/api/v2/bigquery?download=true&item_code=2905&sql_url=https%3A%2F%2Fdata.apps.fao.org%2Fcatalog%2Fdataset%2F5c00a4e6-0ec8-4191-a0c0-a7cd5fda3674%2Fresource%2F91b9d43c-55c4-4a2a-9b25-78f2fabba28b%2Fdownload%2Ffct-fbs-food-balances.query.sql,2026-08-28T13:34:11+00:00,48519329.0,243700667.0,2026-07-13,2026-08-28T11:25:50+00:00,category_3,0.1990939524182755,0.7241379310344828,0.27586206896551724,0.3827492747247941,0.09041178816622367,0.5,0.526369168356998,0.2365805314455089,15.0
PAK,Pakistan,2023,53222.0,2701.0,8341.0,111.853221806566,Estimated value,Estimated value,Estimated value,https://api.data.apps.fao.org/api/v2/bigquery?download=true&item_code=2905&sql_url=https%3A%2F%2Fdata.apps.fao.org%2Fcatalog%2Fdataset%2F5c00a4e6-0ec8-4191-a0c0-a7cd5fda3674%2Fresource%2F91b9d43c-55c4-4a2a-9b25-78f2fabba28b%2Fdownload%2Ffct-fbs-food-balances.query.sql,2026-08-28T13:34:11+00:00,53188016.0,247504495.0,2026-07-13,2026-08-28T11:25:50+00:00,category_3,0.21489717186752508,0.7586206896551724,0.27586206896551724,0.49014782041535787,0.12540585265653761,0.5172413793103448,0.5456389452332657,0.30777683653594773,14.0
PHL,Philippines,2010,22149.0,6476.0,107.0,77.6667367978119,Estimated value,Estimated value,Estimated value,https://api.data.apps.fao.org/api/v2/bigquery?download=true&item_code=2905&sql_url=https%3A%2F%2Fdata.apps.fao.org%2Fcatalog%2Fdataset%2F5c00a4e6-0ec8-4191-a0c0-a7cd5fda3674%2Fresource%2F91b9d43c-55c4-4a2a-9b25-78f2fabba28b%2Fdownload%2Ffct-fbs-food-balances.query.sql,2026-08-28T13:34:11+00:00,22149369.0,96337125.0,2026-07-13,2026-08-28T11:25:50+00:00,unclassified,0.22991519624443849,0.3103448275862069,0.3793103448275862,0.1902854982947034,0.15262666159832744,0.3448275862068966,0.3407707910750507,0.1714560799465154,19.5
PHL,Philippines,2011,23656.0,4720.0,117.0,83.7113839838636,Estimated value,Estimated value,Estimated value,https://api.data.apps.fao.org/api/v2/bigquery?download=true&item_code=2905&sql_url=https%3A%2F%2Fdata.apps.fao.org%2Fcatalog%2Fdataset%2F5c00a4e6-0ec8-4191-a0c0-a7cd5fda3674%2Fresource%2F91b9d43c-55c4-4a2a-9b25-78f2fabba28b%2Fdownload%2Ffct-fbs-food-balances.query.sql,2026-08-28T13:34:11+00:00,23655648.0,98248614.0,2026-07-13,2026-08-28T11:25:50+00:00,unclassified,0.24077335075688702,0.3793103448275862,0.3793103448275862,0.24563188952632986,0.16955866153488375,0.3793103448275862,0.3793103448275862,0.2075952755306068,20.0
PHL,Philippines,2012,25440.0,5616.0,84.0,82.1387059279349,Estimated value,Estimated value,Estimated value,https://api.data.apps.fao.org/api/v2/bigquery?download=true&item_code=2905&sql_url=https%3A%2F%2Fdata.apps.fao.org%2Fcatalog%2Fdataset%2F5c00a4e6-0ec8-4191-a0c0-a7cd5fda3674%2Fresource%2F91b9d43c-55c4-4a2a-9b25-78f2fabba28b%2Fdownload%2Ffct-fbs-food-balances.query.sql,2026-08-28T13:34:11+00:00,25440477.82,100175512.0,2026-07-13,2026-08-28T11:25:50+00:00,unclassified,0.25395904959287857,0.41379310344827586,0.3793103448275862,0.11475048340711082,0.19857975481219195,0.39655172413793105,0.39858012170385393,0.1566651191096514,18.5
PHL,Philippines,2013,25817.0,4145.0,109.0,86.480420728235,Estimated value,Estimated value,Estimated value,https://api.data.apps.fao.org/api/v2/bigquery?download=true&item_code=2905&sql_url=https%3A%2F%2Fdata.apps.fao.org%2Fcatalog%2Fdataset%2F5c00a4e6-0ec8-4191-a0c0-a7cd5fda3674%2Fresource%2F91b9d43c-55c4-4a2a-9b25-78f2fabba28b%2Fdownload%2Ffct-fbs-food-balances.query.sql,2026-08-28T13:34:11+00:00,25817440.51,102076336.0,2026-07-13,2026-08-28T11:25:50+00:00,unclassified,0.2529228763657818,0.41379310344827586,0.3793103448275862,0.278024665428216,0.16137920745672862,0.39655172413793105,0.39858012170385393,0.21970193644247232,18.0
PHL,Philippines,2014,26739.0,6224.0,197.0,81.6059329793078,Estimated value,Estimated value,Estimated value,https://api.data.apps.fao.org/api/v2/bigquery?download=true&item_code=2905&sql_url=https%3A%2F%2Fdata.apps.fao.org%2Fcatalog%2Fdataset%2F5c00a4e6-0ec8-4191-a0c0-a7cd5fda3674%2Fresource%2F91b9d43c-55c4-4a2a-9b25-78f2fabba28b%2Fdownload%2Ffct-fbs-food-balances.query.sql,2026-08-28T13:34:11+00:00,26739121.85,103767130.0,2026-07-13,2026-08-28T11:25:50+00:00,unclassified,0.2576839298725907,0.41379310344827586,0.41379310344827586,0.3697860146327395,0.16189822531016082,0.41379310344827586,0.41379310344827586,0.2658421199714502,20.0
PHL,Philippines,2015,25669.0,6662.0,131.0,79.7173913043478,Estimated value,Estimated value,Estimated value,https://api.data.apps.fao.org/api/v2/bigquery?download=true&item_code=2905&sql_url=https%3A%2F%2Fdata.apps.fao.org%2Fcatalog%2Fdataset%2F5c00a4e6-0ec8-4191-a0c0-a7cd5fda3674%2Fresource%2F91b9d43c-55c4-4a2a-9b25-78f2fabba28b%2Fdownload%2Ffct-fbs-food-balances.query.sql,2026-08-28T13:34:11+00:00,25669246.05,105312992.0,2026-07-13,2026-08-28T11:25:50+00:00,unclassified,0.24374244395221437,0.3448275862068966,0.41379310344827586,0.33252315511556835,0.15744839921014853,0.3793103448275862,0.3752535496957404,0.24498577716285844,19.5
PHL,Philippines,2016,24847.0,7276.0,196.0,77.8244119397375,Estimated value,Estimated value,Estimated value,https://api.data.apps.fao.org/api/v2/bigquery?download=true&item_code=2905&sql_url=https%3A%2F%2Fdata.apps.fao.org%2Fcatalog%2Fdataset%2F5c00a4e6-0ec8-4191-a0c0-a7cd5fda3674%2Fresource%2F91b9d43c-55c4-4a2a-9b25-78f2fabba28b%2Fdownload%2Ffct-fbs-food-balances.query.sql,2026-08-28T13:34:11+00:00,24846678.08,106735719.0,2026-07-13,2026-08-28T11:25:50+00:00,unclassified,0.23278690875732047,0.3448275862068966,0.3793103448275862,0.18884821267529237,0.12776775474454172,0.3620689655172414,0.36004056795131845,0.15830798370991706,20.5
PHL,Philippines,2017,27192.0,8403.0,210.0,76.8461212378126,Estimated value,Estimated value,Estimated value,https://api.data.apps.fao.org/api/v2/bigquery?download=true&item_code=2905&sql_url=https%3A%2F%2Fdata.apps.fao.org%2Fcatalog%2Fdataset%2F5c00a4e6-0ec8-4191-a0c0-a7cd5fda3674%2Fresource%2F91b9d43c-55c4-4a2a-9b25-78f2fabba28b%2Fdownload%2Ffct-fbs-food-balances.query.sql,2026-08-28T13:34:11+00:00,27191819.46,108119693.0,2026-07-13,2026-08-28T11:25:50+00:00,unclassified,0.25149737948294026,0.3103448275862069,0.3793103448275862,0.2616088512011667,0.12545483379647224,0.3448275862068966,0.3407707910750507,0.1935318424988195,21.0
PHL,Philippines,2018,26839.0,11552.0,137.0,70.1599832697234,Estimated value,Estimated value,Estimated value,https://api.data.apps.fao.org/api/v2/bigquery?download=true&item_code=2905&sql_url=https%3A%2F%2Fdata.apps.fao.org%2Fcatalog%2Fdataset%2F5c00a4e6-0ec8-4191-a0c0-a7cd5fda3674%2Fresource%2F91b9d43c-55c4-4a2a-9b25-78f2fabba28b%2Fdownload%2Ffct-fbs-food-balances.query.sql,2026-08-28T13:34:11+00:00,26838576.91,109465287.0,2026-07-13,2026-08-28T11:25:50+00:00,unclassified,0.24517888406029575,0.3103448275862069,0.3793103448275862,0.22277186401693957,0.13178382822084844,0.3448275862068966,0.3407707910750507,0.17727784611889402,21.0
PHL,Philippines,2019,26794.0,14148.0,205.0,65.7731300783072,Estimated value,Estimated value,Estimated value,https://api.data.apps.fao.org/api/v2/bigquery?download=true&item_code=2905&sql_url=https%3A%2F%2Fdata.apps.fao.org%2Fcatalog%2Fdataset%2F5c00a4e6-0ec8-4191-a0c0-a7cd5fda3674%2Fresource%2F91b9d43c-55c4-4a2a-9b25-78f2fabba28b%2Fdownload%2Ffct-fbs-food-balances.query.sql,2026-08-28T13:34:11+00:00,26794250.87,110804683.0,2026-07-13,2026-08-28T11:25:50+00:00,unclassified,0.24181514846263313,0.3103448275862069,0.3793103448275862,0.17759355920204709,0.11124505839473722,0.3448275862068966,0.3407707910750507,0.14441930879839215,21.0
PHL,Philippines,2020,27414.0,11772.0,212.0,70.3392004926361,Estimated value,Estimated value,Estimated value,https://api.data.apps.fao.org/api/v2/bigquery?download=true&item_code=2905&sql_url=https%3A%2F%2Fdata.apps.fao.org%2Fcatalog%2Fdataset%2F5c00a4e6-0ec8-4191-a0c0-a7cd5fda3674%2Fresource%2F91b9d43c-55c4-4a2a-9b25-78f2fabba28b%2Fdownload%2Ffct-fbs-food-balances.query.sql,2026-08-28T13:34:11+00:00,27413962.2,112081264.0,2026-07-13,2026-08-28T11:25:50+00:00,unclassified,0.2445900520893483,0.3448275862068966,0.3448275862068966,0.21287551750518358,0.11368930930952882,0.3448275862068966,0.3448275862068966,0.1632824134073562,22.0
PHL,Philippines,2021,28261.0,12693.0,186.0,69.3215266875981,Estimated value,Estimated value,Estimated value,https://api.data.apps.fao.org/api/v2/bigquery?download=true&item_code=2905&sql_url=https%3A%2F%2Fdata.apps.fao.org%2Fcatalog%2Fdataset%2F5c00a4e6-0ec8-4191-a0c0-a7cd5fda3674%2Fresource%2F91b9d43c-55c4-4a2a-9b25-78f2fabba28b%2Fdownload%2Ffct-fbs-food-balances.query.sql,2026-08-28T13:34:11+00:00,28247959.21,113100950.0,2026-07-13,2026-08-28T11:25:50+00:00,unclassified,0.24975881466954963,0.3103448275862069,0.3448275862068966,0.20308838569773557,0.10553551229622575,0.3275862068965517,0.32555780933062883,0.15431194899698067,22.0
PHL,Philippines,2022,28013.0,13537.0,118.0,67.6119907318015,Estimated value,Estimated value,Estimated value,https://api.data.apps.fao.org/api/v2/bigquery?download=true&item_code=2905&sql_url=https%3A%2F%2Fdata.apps.fao.org%2Fcatalog%2Fdataset%2F5c00a4e6-0ec8-4191-a0c0-a7cd5fda3674%2Fresource%2F91b9d43c-55c4-4a2a-9b25-78f2fabba28b%2Fdownload%2Ffct-fbs-food-balances.query.sql,2026-08-28T13:34:11+00:00,28012590.81,113964338.0,2026-07-13,2026-08-28T11:25:50+00:00,unclassified,0.24580137349633005,0.3103448275862069,0.3793103448275862,0.19413592738110147,0.11685657660073177,0.3448275862068966,0.3407707910750507,0.15549625199091663,21.0
PHL,Philippines,2023,28465.0,12378.0,119.0,69.8973578233965,Estimated value,Estimated value,Estimated value,https://api.data.apps.fao.org/api/v2/bigquery?download=true&item_code=2905&sql_url=https%3A%2F%2Fdata.apps.fao.org%2Fcatalog%2Fdataset%2F5c00a4e6-0ec8-4191-a0c0-a7cd5fda3674%2Fresource%2F91b9d43c-55c4-4a2a-9b25-78f2fabba28b%2Fdownload%2Ffct-fbs-food-balances.query.sql,2026-08-28T13:34:11+00:00,28465199.05,114891199.0,2026-07-13,2026-08-28T11:25:50+00:00,unclassified,0.24775787264610233,0.27586206896551724,0.3793103448275862,0.26117684158106264,0.1489372102806788,0.3275862068965517,0.32150101419878296,0.20505702593087072,21.5
RUS,Russian Federation,2010,59635.0,1146.0,14282.0,128.250069893976,Estimated value,Estimated value,Estimated value,https://api.data.apps.fao.org/api/v2/bigquery?download=true&item_code=2905&sql_url=https%3A%2F%2Fdata.apps.fao.org%2Fcatalog%2Fdataset%2F5c00a4e6-0ec8-4191-a0c0-a7cd5fda3674%2Fresource%2F91b9d43c-55c4-4a2a-9b25-78f2fabba28b%2Fdownload%2Ffct-fbs-food-balances.query.sql,2026-08-28T13:34:11+00:00,59619073.91,142849468.0,2026-07-13,2026-08-28T11:25:50+00:00,flexible_1,0.4173559394004883,0.896551724137931,0.7241379310344828,0.3800495956807193,0.30153548224737814,0.8103448275862069,0.8204868154158216,0.3407925389640487,5.0
RUS,Russian Federation,2011,91843.0,1599.0,19434.0,124.098746081505,Estimated value,Estimated value,Estimated value,https://api.data.apps.fao.org/api/v2/bigquery?download=true&item_code=2905&sql_url=https%3A%2F%2Fdata.apps.fao.org%2Fcatalog%2Fdataset%2F5c00a4e6-0ec8-4191-a0c0-a7cd5fda3674%2Fresource%2F91b9d43c-55c4-4a2a-9b25-78f2fabba28b%2Fdownload%2Ffct-fbs-food-balances.query.sql,2026-08-28T13:34:11+00:00,91780914.78,143018195.0,2026-07-13,2026-08-28T11:25:50+00:00,flexible_1,0.6417429249474167,0.8275862068965517,0.896551724137931,0.41916373684948294,0.5040170760246772,0.8620689655172413,0.8580121703853956,0.46159040643708005,5.0
RUS,Russian Federation,2012,68802.0,1993.0,23156.0,144.423686475367,Estimated value,Estimated value,Estimated value,https://api.data.apps.fao.org/api/v2/bigquery?download=true&item_code=2905&sql_url=https%3A%2F%2Fdata.apps.fao.org%2Fcatalog%2Fdataset%2F5c00a4e6-0ec8-4191-a0c0-a7cd5fda3674%2Fresource%2F91b9d43c-55c4-4a2a-9b25-78f2fabba28b%2Fdownload%2Ffct-fbs-food-balances.query.sql,2026-08-28T13:34:11+00:00,68753478.66,143378447.0,2026-07-13,2026-08-28T11:25:50+00:00,flexible_1,0.479524503846802,0.9310344827586207,0.7586206896551724,0.2385003568692534,0.4041798581839068,0.8448275862068966,0.8549695740365111,0.3213401075265801,5.0
RUS,Russian Federation,2013,90435.0,2560.0,19899.0,123.72086023859,Estimated value,Estimated value,Estimated value,https://api.data.apps.fao.org/api/v2/bigquery?download=true&item_code=2905&sql_url=https%3A%2F%2Fdata.apps.fao.org%2Fcatalog%2Fdataset%2F5c00a4e6-0ec8-4191-a0c0-a7cd5fda3674%2Fresource%2F91b9d43c-55c4-4a2a-9b25-78f2fabba28b%2Fdownload%2Ffct-fbs-food-balances.query.sql,2026-08-28T13:34:11+00:00,90364970.67,143805638.0,2026-07-13,2026-08-28T11:25:50+00:00,flexible_1,0.628382669322047,0.896551724137931,0.896551724137931,0.4483461755220241,0.44293419529143935,0.896551724137931,0.896551724137931,0.4456401854067317,3.5
RUS,Russian Federation,2014,103219.0,2019.0,30951.0,138.946249007229,Estimated value,Estimated value,Estimated value,https://api.data.apps.fao.org/api/v2/bigquery?download=true&item_code=2905&sql_url=https%3A%2F%2Fdata.apps.fao.org%2Fcatalog%2Fdataset%2F5c00a4e6-0ec8-4191-a0c0-a7cd5fda3674%2Fresource%2F91b9d43c-55c4-4a2a-9b25-78f2fabba28b%2Fdownload%2Ffct-fbs-food-balances.query.sql,2026-08-28T13:34:11+00:00,103135895.46,144237223.0,2026-07-13,2026-08-28T11:25:50+00:00,flexible_1,0.7150435464221326,0.896551724137931,0.896551724137931,0.7128067188693168,0.5012829313691917,0.896551724137931,0.896551724137931,0.6070448251192542,4.0
RUS,Russian Federation,2015,102516.0,1679.0,31885.0,141.772922140783,Estimated value,Estimated value,Estimated value,https://api.data.apps.fao.org/api/v2/bigquery?download=true&item_code=2905&sql_url=https%3A%2F%2Fdata.apps.fao.org%2Fcatalog%2Fdataset%2F5c00a4e6-0ec8-4191-a0c0-a7cd5fda3674%2Fresource%2F91b9d43c-55c4-4a2a-9b25-78f2fabba28b%2Fdownload%2Ffct-fbs-food-balances.query.sql,2026-08-28T13:34:11+00:00,102444492.24,144640716.0,2026-07-13,2026-08-28T11:25:50+00:00,flexible_1,0.7082687024309254,0.9310344827586207,0.896551724137931,0.717161748151774,0.5138251482810091,0.9137931034482758,0.9158215010141988,0.6154934482163916,3.0
RUS,Russian Federation,2016,117810.0,2479.0,35276.0,138.578805594439,Estimated value,Estimated value,Estimated value,https://api.data.apps.fao.org/api/v2/bigquery?download=true&item_code=2905&sql_url=https%3A%2F%2Fdata.apps.fao.org%2Fcatalog%2Fdataset%2F5c00a4e6-0ec8-4191-a0c0-a7cd5fda3674%2Fresource%2F91b9d43c-55c4-4a2a-9b25-78f2fabba28b%2Fdownload%2Ffct-fbs-food-balances.query.sql,2026-08-28T13:34:11+00:00,117753222.78,145015460.0,2026-07-13,2026-08-28T11:25:50+00:00,flexible_1,0.8120046150941423,0.9310344827586207,0.896551724137931,0.41098731332372695,0.5101061703102286,0.9137931034482758,0.9158215010141988,0.4605467418169778,3.5
RUS,Russian Federation,2017,131396.0,2215.0,44570.0,147.567974303972,Estimated value,Estimated value,Estimated value,https://api.data.apps.fao.org/api/v2/bigquery?download=true&item_code=2905&sql_url=https%3A%2F%2Fdata.apps.fao.org%2Fcatalog%2Fdataset%2F5c00a4e6-0ec8-4191-a0c0-a7cd5fda3674%2Fresource%2F91b9d43c-55c4-4a2a-9b25-78f2fabba28b%2Fdownload%2Ffct-fbs-food-balances.query.sql,2026-08-28T13:34:11+00:00,131294828.27,145293260.0,2026-07-13,2026-08-28T11:25:50+00:00,flexible_1,0.9036539497427478,0.896551724137931,0.896551724137931,0.6223172963252946,0.5117966727226447,0.896551724137931,0.896551724137931,0.5670569845239697,4.0
RUS,Russian Federation,2018,109958.0,1845.0,56170.0,197.648877464814,Estimated value,Estimated value,Estimated value,https://api.data.apps.fao.org/api/v2/bigquery?download=true&item_code=2905&sql_url=https%3A%2F%2Fdata.apps.fao.org%2Fcatalog%2Fdataset%2F5c00a4e6-0ec8-4191-a0c0-a7cd5fda3674%2Fresource%2F91b9d43c-55c4-4a2a-9b25-78f2fabba28b%2Fdownload%2Ffct-fbs-food-balances.query.sql,2026-08-28T13:34:11+00:00,109839131.32,145398106.0,2026-07-13,2026-08-28T11:25:50+00:00,flexible_1,0.755437153493595,0.9655172413793104,0.896551724137931,0.8545968466999315,0.45831143715860667,0.9310344827586208,0.9350912778904665,0.6564541419292691,2.0
RUS,Russian Federation,2019,118000.0,1465.0,40831.0,150.062314011751,Estimated value,Estimated value,Estimated value,https://api.data.apps.fao.org/api/v2/bigquery?download=true&item_code=2905&sql_url=https%3A%2F%2Fdata.apps.fao.org%2Fcatalog%2Fdataset%2F5c00a4e6-0ec8-4191-a0c0-a7cd5fda3674%2Fresource%2F91b9d43c-55c4-4a2a-9b25-78f2fabba28b%2Fdownload%2Ffct-fbs-food-balances.query.sql,2026-08-28T13:34:11+00:00,117878703.7,145453291.0,2026-07-13,2026-08-28T11:25:50+00:00,flexible_1,0.8104230773300276,0.9310344827586207,0.896551724137931,0.5330864590170467,0.42232971052097146,0.9137931034482758,0.9158215010141988,0.47770808476900906,3.0
RUS,Russian Federation,2020,130225.0,1470.0,46332.0,152.554385389454,Estimated value,Estimated value,Estimated value,https://api.data.apps.fao.org/api/v2/bigquery?download=true&item_code=2905&sql_url=https%3A%2F%2Fdata.apps.fao.org%2Fcatalog%2Fdataset%2F5c00a4e6-0ec8-4191-a0c0-a7cd5fda3674%2Fresource%2F91b9d43c-55c4-4a2a-9b25-78f2fabba28b%2Fdownload%2Ffct-fbs-food-balances.query.sql,2026-08-28T13:34:11+00:00,130039885.7,145245148.0,2026-07-13,2026-08-28T11:25:50+00:00,flexible_1,0.8953131136607744,0.9310344827586207,0.9310344827586207,0.5752665029393363,0.47311303358507306,0.9310344827586207,0.9310344827586208,0.5241897682622048,3.0
RUS,Russian Federation,2021,117759.0,1437.0,36621.0,142.608537693006,Estimated value,Estimated value,Estimated value,https://api.data.apps.fao.org/api/v2/bigquery?download=true&item_code=2905&sql_url=https%3A%2F%2Fdata.apps.fao.org%2Fcatalog%2Fdataset%2F5c00a4e6-0ec8-4191-a0c0-a7cd5fda3674%2Fresource%2F91b9d43c-55c4-4a2a-9b25-78f2fabba28b%2Fdownload%2Ffct-fbs-food-balances.query.sql,2026-08-28T13:34:11+00:00,117575103.68,144746762.0,2026-07-13,2026-08-28T11:25:50+00:00,flexible_1,0.8122814082708116,0.9310344827586207,0.896551724137931,0.5237935500878069,0.38742013254833085,0.9137931034482758,0.9158215010141988,0.4556068413180689,4.0
RUS,Russian Federation,2022,153352.0,881.0,27606.0,121.105293499807,Estimated value,Estimated value,Estimated value,https://api.data.apps.fao.org/api/v2/bigquery?download=true&item_code=2905&sql_url=https%3A%2F%2Fdata.apps.fao.org%2Fcatalog%2Fdataset%2F5c00a4e6-0ec8-4191-a0c0-a7cd5fda3674%2Fresource%2F91b9d43c-55c4-4a2a-9b25-78f2fabba28b%2Fdownload%2Ffct-fbs-food-balances.query.sql,2026-08-28T13:34:11+00:00,153095542.78,144236933.0,2026-07-13,2026-08-28T11:25:50+00:00,flexible_1,1.061417069787528,0.8275862068965517,0.9310344827586207,0.4216332556409457,0.5786415357026339,0.8793103448275862,0.8732251521298174,0.5001373956717898,5.0
RUS,Russian Federation,2023,136665.0,700.0,40566.0,141.184309755266,Estimated value,Estimated value,Estimated value,https://api.data.apps.fao.org/api/v2/bigquery?download=true&item_code=2905&sql_url=https%3A%2F%2Fdata.apps.fao.org%2Fcatalog%2Fdataset%2F5c00a4e6-0ec8-4191-a0c0-a7cd5fda3674%2Fresource%2F91b9d43c-55c4-4a2a-9b25-78f2fabba28b%2Fdownload%2Ffct-fbs-food-balances.query.sql,2026-08-28T13:34:11+00:00,136708406.91,143826130.0,2026-07-13,2026-08-28T11:25:50+00:00,flexible_1,0.9505116136407202,0.896551724137931,0.9310344827586207,0.6502200315509155,0.6521750965471875,0.9137931034482758,0.911764705882353,0.6511975640490515,3.0
THA,Thailand,2010,40978.0,3019.0,14535.0,139.08763831376,Estimated value,Estimated value,Estimated value,https://api.data.apps.fao.org/api/v2/bigquery?download=true&item_code=2905&sql_url=https%3A%2F%2Fdata.apps.fao.org%2Fcatalog%2Fdataset%2F5c00a4e6-0ec8-4191-a0c0-a7cd5fda3674%2Fresource%2F91b9d43c-55c4-4a2a-9b25-78f2fabba28b%2Fdownload%2Ffct-fbs-food-balances.query.sql,2026-08-28T13:34:11+00:00,40933902.61,68579447.0,2026-07-13,2026-08-28T11:25:50+00:00,flexible_2,0.596882949639416,0.9310344827586207,0.8620689655172413,0.42070688857064675,0.4441573846107968,0.896551724137931,0.9006085192697768,0.43243213659072177,4.0
THA,Thailand,2011,43487.0,2682.0,17130.0,149.753779400117,Estimated value,Estimated value,Estimated value,https://api.data.apps.fao.org/api/v2/bigquery?download=true&item_code=2905&sql_url=https%3A%2F%2Fdata.apps.fao.org%2Fcatalog%2Fdataset%2F5c00a4e6-0ec8-4191-a0c0-a7cd5fda3674%2Fresource%2F91b9d43c-55c4-4a2a-9b25-78f2fabba28b%2Fdownload%2Ffct-fbs-food-balances.query.sql,2026-08-28T13:34:11+00:00,43447714.68,69007208.0,2026-07-13,2026-08-28T11:25:50+00:00,flexible_2,0.6296112527839121,0.9310344827586207,0.8620689655172413,0.5293953809502443,0.49389775501358285,0.896551724137931,0.9006085192697768,0.5116465679819135,4.0
THA,Thailand,2012,43478.0,3950.0,10859.0,118.893051491701,Estimated value,Estimated value,Estimated value,https://api.data.apps.fao.org/api/v2/bigquery?download=true&item_code=2905&sql_url=https%3A%2F%2Fdata.apps.fao.org%2Fcatalog%2Fdataset%2F5c00a4e6-0ec8-4191-a0c0-a7cd5fda3674%2Fresource%2F91b9d43c-55c4-4a2a-9b25-78f2fabba28b%2Fdownload%2Ffct-fbs-food-balances.query.sql,2026-08-28T13:34:11+00:00,43438509.0,69436098.0,2026-07-13,2026-08-28T11:25:50+00:00,flexible_2,0.6255897184775562,0.8275862068965517,0.896551724137931,0.1877752411050955,0.5373164828786096,0.8620689655172413,0.8580121703853956,0.3625458619918525,4.0
THA,Thailand,2013,42085.0,2971.0,11480.0,125.342506552299,Estimated value,Estimated value,Estimated value,https://api.data.apps.fao.org/api/v2/bigquery?download=true&item_code=2905&sql_url=https%3A%2F%2Fdata.apps.fao.org%2Fcatalog%2Fdataset%2F5c00a4e6-0ec8-4191-a0c0-a7cd5fda3674%2Fresource%2F91b9d43c-55c4-4a2a-9b25-78f2fabba28b%2Fdownload%2Ffct-fbs-food-balances.query.sql,2026-08-28T13:34:11+00:00,42040227.0,69845114.0,2026-07-13,2026-08-28T11:25:50+00:00,flexible_2,0.6019064841099694,0.9310344827586207,0.8620689655172413,0.45576287770439694,0.42307986695816724,0.896551724137931,0.9006085192697768,0.4394213723312821,3.5
THA,Thailand,2014,37894.0,2752.0,17168.0,161.402163727745,Estimated value,Estimated value,Estimated value,https://api.data.apps.fao.org/api/v2/bigquery?download=true&item_code=2905&sql_url=https%3A%2F%2Fdata.apps.fao.org%2Fcatalog%2Fdataset%2F5c00a4e6-0ec8-4191-a0c0-a7cd5fda3674%2Fresource%2F91b9d43c-55c4-4a2a-9b25-78f2fabba28b%2Fdownload%2Ffct-fbs-food-balances.query.sql,2026-08-28T13:34:11+00:00,37855165.68,70216367.0,2026-07-13,2026-08-28T11:25:50+00:00,flexible_2,0.5391216791378568,0.9310344827586207,0.7586206896551724,0.8471422826628109,0.370739724104712,0.8448275862068966,0.8549695740365111,0.6089410033837614,5.0
THA,Thailand,2015,32933.0,6293.0,14799.0,134.822123060548,Estimated value,Estimated value,Estimated value,https://api.data.apps.fao.org/api/v2/bigquery?download=true&item_code=2905&sql_url=https%3A%2F%2Fdata.apps.fao.org%2Fcatalog%2Fdataset%2F5c00a4e6-0ec8-4191-a0c0-a7cd5fda3674%2Fresource%2F91b9d43c-55c4-4a2a-9b25-78f2fabba28b%2Fdownload%2Ffct-fbs-food-balances.query.sql,2026-08-28T13:34:11+00:00,32890604.99,70540795.0,2026-07-13,2026-08-28T11:25:50+00:00,flexible_2,0.46626359952421853,0.896551724137931,0.6896551724137931,0.6740786330343508,0.32816289505360874,0.7931034482758621,0.8052738336713996,0.5011207640439798,7.0
THA,Thailand,2016,36730.0,6173.0,15476.0,133.919130783534,Estimated value,Estimated value,Estimated value,https://api.data.apps.fao.org/api/v2/bigquery?download=true&item_code=2905&sql_url=https%3A%2F%2Fdata.apps.fao.org%2Fcatalog%2Fdataset%2F5c00a4e6-0ec8-4191-a0c0-a7cd5fda3674%2Fresource%2F91b9d43c-55c4-4a2a-9b25-78f2fabba28b%2Fdownload%2Ffct-fbs-food-balances.query.sql,2026-08-28T13:34:11+00:00,36677356.95,70859841.0,2026-07-13,2026-08-28T11:25:50+00:00,flexible_2,0.5176042795523631,0.896551724137931,0.7931034482758621,0.39394992870770096,0.3157741314212186,0.8448275862068966,0.8509127789046653,0.35486203006445977,5.0
THA,Thailand,2017,38224.0,4104.0,17947.0,156.777818793323,Estimated value,Estimated value,Estimated value,https://api.data.apps.fao.org/api/v2/bigquery?download=true&item_code=2905&sql_url=https%3A%2F%2Fdata.apps.fao.org%2Fcatalog%2Fdataset%2F5c00a4e6-0ec8-4191-a0c0-a7cd5fda3674%2Fresource%2F91b9d43c-55c4-4a2a-9b25-78f2fabba28b%2Fdownload%2Ffct-fbs-food-balances.query.sql,2026-08-28T13:34:11+00:00,38169115.77,71160187.0,2026-07-13,2026-08-28T11:25:50+00:00,flexible_2,0.5363830166719489,0.9655172413793104,0.7586206896551724,0.6692910186128181,0.2942229578550994,0.8620689655172413,0.8742393509127788,0.48175698823395874,5.0
THA,Thailand,2018,37931.0,4425.0,16866.0,148.80737544135,Estimated value,Estimated value,Estimated value,https://api.data.apps.fao.org/api/v2/bigquery?download=true&item_code=2905&sql_url=https%3A%2F%2Fdata.apps.fao.org%2Fcatalog%2Fdataset%2F5c00a4e6-0ec8-4191-a0c0-a7cd5fda3674%2Fresource%2F91b9d43c-55c4-4a2a-9b25-78f2fabba28b%2Fdownload%2Ffct-fbs-food-balances.query.sql,2026-08-28T13:34:11+00:00,37857467.3,71376079.0,2026-07-13,2026-08-28T11:25:50+00:00,flexible_2,0.5303943258076701,0.896551724137931,0.8275862068965517,0.6125421848800253,0.3143006472609966,0.8620689655172413,0.8661257606490873,0.46342141607051096,5.0
THA,Thailand,2019,33700.0,5351.0,12017.0,124.657838277724,Estimated value,Estimated value,Estimated value,https://api.data.apps.fao.org/api/v2/bigquery?download=true&item_code=2905&sql_url=https%3A%2F%2Fdata.apps.fao.org%2Fcatalog%2Fdataset%2F5c00a4e6-0ec8-4191-a0c0-a7cd5fda3674%2Fresource%2F91b9d43c-55c4-4a2a-9b25-78f2fabba28b%2Fdownload%2Ffct-fbs-food-balances.query.sql,2026-08-28T13:34:11+00:00,33612281.85,71522271.0,2026-07-13,2026-08-28T11:25:50+00:00,flexible_2,0.4699554611458017,0.8620689655172413,0.7241379310344828,0.4259420980738897,0.23606032424651713,0.7931034482758621,0.8012170385395537,0.3310012111602034,6.5
THA,Thailand,2020,35582.0,7277.0,8995.0,105.073234112922,Estimated value,Estimated value,Estimated value,https://api.data.apps.fao.org/api/v2/bigquery?download=true&item_code=2905&sql_url=https%3A%2F%2Fdata.apps.fao.org%2Fcatalog%2Fdataset%2F5c00a4e6-0ec8-4191-a0c0-a7cd5fda3674%2Fresource%2F91b9d43c-55c4-4a2a-9b25-78f2fabba28b%2Fdownload%2Ffct-fbs-food-balances.query.sql,2026-08-28T13:34:11+00:00,37210781.64,71641484.0,2026-07-13,2026-08-28T11:25:50+00:00,flexible_2,0.51940271979849,0.7241379310344828,0.7586206896551724,0.365977413311363,0.2654807523046307,0.7413793103448276,0.7393509127789046,0.31572908280799683,7.5
THA,Thailand,2021,38389.0,6697.0,9721.0,108.55082708893,Estimated value,Estimated value,Estimated value,https://api.data.apps.fao.org/api/v2/bigquery?download=true&item_code=2905&sql_url=https%3A%2F%2Fdata.apps.fao.org%2Fcatalog%2Fdataset%2F5c00a4e6-0ec8-4191-a0c0-a7cd5fda3674%2Fresource%2F91b9d43c-55c4-4a2a-9b25-78f2fabba28b%2Fdownload%2Ffct-fbs-food-balances.query.sql,2026-08-28T13:34:11+00:00,38320298.67,71727332.0,2026-07-13,2026-08-28T11:25:50+00:00,flexible_2,0.534249603345068,0.7586206896551724,0.7931034482758621,0.3747564488581812,0.24809614691469,0.7758620689655172,0.7738336713995944,0.3114262978864356,7.0
THA,Thailand,2022,38884.0,4548.0,11949.0,123.507924911857,Estimated value,Estimated value,Estimated value,https://api.data.apps.fao.org/api/v2/bigquery?download=true&item_code=2905&sql_url=https%3A%2F%2Fdata.apps.fao.org%2Fcatalog%2Fdataset%2F5c00a4e6-0ec8-4191-a0c0-a7cd5fda3674%2Fresource%2F91b9d43c-55c4-4a2a-9b25-78f2fabba28b%2Fdownload%2Ffct-fbs-food-balances.query.sql,2026-08-28T13:34:11+00:00,38829805.16,71735329.0,2026-07-13,2026-08-28T11:25:50+00:00,flexible_2,0.5412926336477804,0.896551724137931,0.7931034482758621,0.431851211885021,0.28415769660675144,0.8448275862068966,0.8509127789046653,0.35800445424588623,6.0
THA,Thailand,2023,38579.0,7302.0,13736.0,120.015554518588,Estimated value,Estimated value,Estimated value,https://api.data.apps.fao.org/api/v2/bigquery?download=true&item_code=2905&sql_url=https%3A%2F%2Fdata.apps.fao.org%2Fcatalog%2Fdataset%2F5c00a4e6-0ec8-4191-a0c0-a7cd5fda3674%2Fresource%2F91b9d43c-55c4-4a2a-9b25-78f2fabba28b%2Fdownload%2Ffct-fbs-food-balances.query.sql,2026-08-28T13:34:11+00:00,38532088.18,71702435.0,2026-07-13,2026-08-28T11:25:50+00:00,flexible_2,0.5373888373525948,0.8620689655172413,0.8275862068965517,0.5346931385952572,0.356340267673071,0.8448275862068966,0.8468559837728195,0.44551670313416414,6.0
TUR,Turkiye,2010,32795.0,8319.0,5459.0,91.9786846164633,Estimated value,Estimated value,Estimated value,https://api.data.apps.fao.org/api/v2/bigquery?download=true&item_code=2905&sql_url=https%3A%2F%2Fdata.apps.fao.org%2Fcatalog%2Fdataset%2F5c00a4e6-0ec8-4191-a0c0-a7cd5fda3674%2Fresource%2F91b9d43c-55c4-4a2a-9b25-78f2fabba28b%2Fdownload%2Ffct-fbs-food-balances.query.sql,2026-08-28T13:34:11+00:00,32764875.0,73142150.0,2026-07-13,2026-08-28T11:25:50+00:00,flexible_2,0.4479616062694356,0.5862068965517241,0.7586206896551724,0.24397697517858036,0.32584958643783396,0.6724137931034482,0.6622718052738337,0.28491328080820716,10.0
TUR,Turkiye,2011,35227.0,11157.0,4292.0,83.6904875035636,Estimated value,Estimated value,Estimated value,https://api.data.apps.fao.org/api/v2/bigquery?download=true&item_code=2905&sql_url=https%3A%2F%2Fdata.apps.fao.org%2Fcatalog%2Fdataset%2F5c00a4e6-0ec8-4191-a0c0-a7cd5fda3674%2Fresource%2F91b9d43c-55c4-4a2a-9b25-78f2fabba28b%2Fdownload%2Ffct-fbs-food-balances.query.sql,2026-08-28T13:34:11+00:00,35195055.0,74223629.0,2026-07-13,2026-08-28T11:25:50+00:00,flexible_2,0.4741758854178364,0.3448275862068966,0.7241379310344828,0.24554210389437295,0.36424535774666805,0.5344827586206897,0.5121703853955375,0.3048937308205205,13.5
TUR,Turkiye,2012,33401.0,11436.0,4556.0,82.9199870906879,Estimated value,Estimated value,Estimated value,https://api.data.apps.fao.org/api/v2/bigquery?download=true&item_code=2905&sql_url=https%3A%2F%2Fdata.apps.fao.org%2Fcatalog%2Fdataset%2F5c00a4e6-0ec8-4191-a0c0-a7cd5fda3674%2Fresource%2F91b9d43c-55c4-4a2a-9b25-78f2fabba28b%2Fdownload%2Ffct-fbs-food-balances.query.sql,2026-08-28T13:34:11+00:00,33370865.0,75175827.0,2026-07-13,2026-08-28T11:25:50+00:00,flexible_2,0.44390419542707527,0.4482758620689655,0.6896551724137931,0.11630275883819026,0.37171239051492616,0.5689655172413793,0.554766734279919,0.2440075746765582,12.5
TUR,Turkiye,2013,37513.0,14723.0,5501.0,80.2674654969509,Estimated value,Estimated value,Estimated value,https://api.data.apps.fao.org/api/v2/bigquery?download=true&item_code=2905&sql_url=https%3A%2F%2Fdata.apps.fao.org%2Fcatalog%2Fdataset%2F5c00a4e6-0ec8-4191-a0c0-a7cd5fda3674%2Fresource%2F91b9d43c-55c4-4a2a-9b25-78f2fabba28b%2Fdownload%2Ffct-fbs-food-balances.query.sql,2026-08-28T13:34:11+00:00,37475610.0,76147624.0,2026-07-13,2026-08-28T11:25:50+00:00,flexible_2,0.49214418036208196,0.3793103448275862,0.6896551724137931,0.2496093209518628,0.3407697909494531,0.5344827586206897,0.5162271805273834,0.29518955595065793,12.0
TUR,Turkiye,2014,32733.0,19371.0,5873.0,70.8031407497134,Estimated value,Estimated value,Estimated value,https://api.data.apps.fao.org/api/v2/bigquery?download=true&item_code=2905&sql_url=https%3A%2F%2Fdata.apps.fao.org%2Fcatalog%2Fdataset%2F5c00a4e6-0ec8-4191-a0c0-a7cd5fda3674%2Fresource%2F91b9d43c-55c4-4a2a-9b25-78f2fabba28b%2Fdownload%2Ffct-fbs-food-balances.query.sql,2026-08-28T13:34:11+00:00,32708005.0,77181884.0,2026-07-13,2026-08-28T11:25:50+00:00,flexible_2,0.42377826641288,0.27586206896551724,0.6896551724137931,0.30516165161889597,0.2851488918426962,0.4827586206896552,0.45841784989858014,0.2951552717307961,15.0
TUR,Turkiye,2015,38669.0,20122.0,6766.0,74.3277270543008,Estimated value,Estimated value,Estimated value,https://api.data.apps.fao.org/api/v2/bigquery?download=true&item_code=2905&sql_url=https%3A%2F%2Fdata.apps.fao.org%2Fcatalog%2Fdataset%2F5c00a4e6-0ec8-4191-a0c0-a7cd5fda3674%2Fresource%2F91b9d43c-55c4-4a2a-9b25-78f2fabba28b%2Fdownload%2Ffct-fbs-food-balances.query.sql,2026-08-28T13:34:11+00:00,38632438.0,78218479.0,2026-07-13,2026-08-28T11:25:50+00:00,flexible_2,0.4939042345735207,0.27586206896551724,0.7241379310344828,0.2991164168904167,0.3493683263534108,0.5,0.473630831643002,0.3242423716219137,16.0
TUR,Turkiye,2016,35331.0,21266.0,8540.0,73.5189462513265,Estimated value,Estimated value,Estimated value,https://api.data.apps.fao.org/api/v2/bigquery?download=true&item_code=2905&sql_url=https%3A%2F%2Fdata.apps.fao.org%2Fcatalog%2Fdataset%2F5c00a4e6-0ec8-4191-a0c0-a7cd5fda3674%2Fresource%2F91b9d43c-55c4-4a2a-9b25-78f2fabba28b%2Fdownload%2Ffct-fbs-food-balances.query.sql,2026-08-28T13:34:11+00:00,35276615.0,79277962.0,2026-07-13,2026-08-28T11:25:50+00:00,flexible_2,0.4449737872928671,0.3103448275862069,0.7241379310344828,0.17310593926323103,0.26783114378730233,0.5172413793103449,0.49290060851926976,0.22046854152526668,14.5
TUR,Turkiye,2017,36178.0,28684.0,9445.0,65.2832163415558,Estimated value,Estimated value,Estimated value,https://api.data.apps.fao.org/api/v2/bigquery?download=true&item_code=2905&sql_url=https%3A%2F%2Fdata.apps.fao.org%2Fcatalog%2Fdataset%2F5c00a4e6-0ec8-4191-a0c0-a7cd5fda3674%2Fresource%2F91b9d43c-55c4-4a2a-9b25-78f2fabba28b%2Fdownload%2Ffct-fbs-food-balances.query.sql,2026-08-28T13:34:11+00:00,36126157.0,80312698.0,2026-07-13,2026-08-28T11:25:50+00:00,flexible_2,0.4498187447270169,0.27586206896551724,0.6896551724137931,0.20263362267675025,0.24294171415745933,0.4827586206896552,0.45841784989858014,0.2227876684171048,18.0
TUR,Turkiye,2018,34623.0,25833.0,9719.0,68.2401403315135,Estimated value,Estimated value,Estimated value,https://api.data.apps.fao.org/api/v2/bigquery?download=true&item_code=2905&sql_url=https%3A%2F%2Fdata.apps.fao.org%2Fcatalog%2Fdataset%2F5c00a4e6-0ec8-4191-a0c0-a7cd5fda3674%2Fresource%2F91b9d43c-55c4-4a2a-9b25-78f2fabba28b%2Fdownload%2Ffct-fbs-food-balances.query.sql,2026-08-28T13:34:11+00:00,34395628.0,81407204.0,2026-07-13,2026-08-28T11:25:50+00:00,flexible_2,0.4225133195828713,0.27586206896551724,0.6551724137931034,0.21325727265706532,0.24526477048528916,0.46551724137931033,0.4432048681541582,0.22926102157117723,17.5
TUR,Turkiye,2019,34661.0,32662.0,10167.0,60.6428021555042,Estimated value,Estimated value,Estimated value,https://api.data.apps.fao.org/api/v2/bigquery?download=true&item_code=2905&sql_url=https%3A%2F%2Fdata.apps.fao.org%2Fcatalog%2Fdataset%2F5c00a4e6-0ec8-4191-a0c0-a7cd5fda3674%2Fresource%2F91b9d43c-55c4-4a2a-9b25-78f2fabba28b%2Fdownload%2Ffct-fbs-food-balances.query.sql,2026-08-28T13:34:11+00:00,34398698.0,82579440.0,2026-07-13,2026-08-28T11:25:50+00:00,flexible_2,0.4165528126613598,0.20689655172413793,0.6551724137931034,0.15595620236490884,0.2068438053008651,0.43103448275862066,0.40466531440162273,0.18140000383288696,17.5
TUR,Turkiye,2020,37378.0,32944.0,9783.0,61.7420175424107,Estimated value,Estimated value,Estimated value,https://api.data.apps.fao.org/api/v2/bigquery?download=true&item_code=2905&sql_url=https%3A%2F%2Fdata.apps.fao.org%2Fcatalog%2Fdataset%2F5c00a4e6-0ec8-4191-a0c0-a7cd5fda3674%2Fresource%2F91b9d43c-55c4-4a2a-9b25-78f2fabba28b%2Fdownload%2Ffct-fbs-food-balances.query.sql,2026-08-28T13:34:11+00:00,37184688.0,83384680.0,2026-07-13,2026-08-28T11:25:50+00:00,flexible_2,0.44594148469479045,0.2413793103448276,0.6896551724137931,0.17498055193161033,0.22490479569554586,0.4655172413793104,0.4391480730223124,0.1999426738135781,16.0
TUR,Turkiye,2021,32194.0,33536.0,10352.0,58.1349994582686,Estimated value,Estimated value,Estimated value,https://api.data.apps.fao.org/api/v2/bigquery?download=true&item_code=2905&sql_url=https%3A%2F%2Fdata.apps.fao.org%2Fcatalog%2Fdataset%2F5c00a4e6-0ec8-4191-a0c0-a7cd5fda3674%2Fresource%2F91b9d43c-55c4-4a2a-9b25-78f2fabba28b%2Fdownload%2Ffct-fbs-food-balances.query.sql,2026-08-28T13:34:11+00:00,31864404.0,84147318.0,2026-07-13,2026-08-28T11:25:50+00:00,flexible_2,0.3786740297533904,0.13793103448275862,0.6551724137931034,0.15413595872849556,0.17013596899252256,0.39655172413793105,0.3661257606490872,0.16213596386050905,19.0
TUR,Turkiye,2022,38942.0,32511.0,10919.0,64.3307893084878,Estimated value,Estimated value,Estimated value,https://api.data.apps.fao.org/api/v2/bigquery?download=true&item_code=2905&sql_url=https%3A%2F%2Fdata.apps.fao.org%2Fcatalog%2Fdataset%2F5c00a4e6-0ec8-4191-a0c0-a7cd5fda3674%2Fresource%2F91b9d43c-55c4-4a2a-9b25-78f2fabba28b%2Fdownload%2Ffct-fbs-food-balances.query.sql,2026-08-28T13:34:11+00:00,38667033.0,84979913.0,2026-07-13,2026-08-28T11:25:50+00:00,flexible_2,0.4550137983784474,0.27586206896551724,0.6896551724137931,0.180181572000885,0.23530838117868755,0.4827586206896552,0.45841784989858014,0.20774497658978627,17.0
TUR,Turkiye,2023,42525.0,33695.0,13283.0,67.5675675675676,Estimated value,Estimated value,Estimated value,https://api.data.apps.fao.org/api/v2/bigquery?download=true&item_code=2905&sql_url=https%3A%2F%2Fdata.apps.fao.org%2Fcatalog%2Fdataset%2F5c00a4e6-0ec8-4191-a0c0-a7cd5fda3674%2Fresource%2F91b9d43c-55c4-4a2a-9b25-78f2fabba28b%2Fdownload%2Ffct-fbs-food-balances.query.sql,2026-08-28T13:34:11+00:00,42193311.0,85325965.0,2026-07-13,2026-08-28T11:25:50+00:00,flexible_2,0.49449556181403864,0.2413793103448276,0.7241379310344828,0.24846218611431445,0.32562464133358027,0.4827586206896552,0.4543610547667343,0.28704341372394737,15.5
TZA,Tanzania,2010,8643.0,1456.0,311.0,88.302002451982,Estimated value,Estimated value,Estimated value,https://api.data.apps.fao.org/api/v2/bigquery?download=true&item_code=2905&sql_url=https%3A%2F%2Fdata.apps.fao.org%2Fcatalog%2Fdataset%2F5c00a4e6-0ec8-4191-a0c0-a7cd5fda3674%2Fresource%2F91b9d43c-55c4-4a2a-9b25-78f2fabba28b%2Fdownload%2Ffct-fbs-food-balances.query.sql,2026-08-28T13:34:11+00:00,8643198.0,44758488.0,2026-07-13,2026-08-28T11:25:50+00:00,flexible_2,0.19310746153891525,0.3793103448275862,0.2413793103448276,0.23018384946676432,0.12338543968746726,0.3103448275862069,0.3184584178498986,0.1767846445771158,22.0
TZA,Tanzania,2011,7955.0,1373.0,246.0,87.5908390222418,Estimated value,Estimated value,Estimated value,https://api.data.apps.fao.org/api/v2/bigquery?download=true&item_code=2905&sql_url=https%3A%2F%2Fdata.apps.fao.org%2Fcatalog%2Fdataset%2F5c00a4e6-0ec8-4191-a0c0-a7cd5fda3674%2Fresource%2F91b9d43c-55c4-4a2a-9b25-78f2fabba28b%2Fdownload%2Ffct-fbs-food-balances.query.sql,2026-08-28T13:34:11+00:00,7955143.0,46029367.0,2026-07-13,2026-08-28T11:25:50+00:00,flexible_2,0.1728275559383643,0.4827586206896552,0.20689655172413793,0.26230069294531316,0.11288343161967423,0.3448275862068966,0.36105476673427994,0.1875920622824937,21.0
TZA,Tanzania,2012,8120.0,1344.0,479.0,90.3728436282693,Estimated value,Estimated value,Estimated value,https://api.data.apps.fao.org/api/v2/bigquery?download=true&item_code=2905&sql_url=https%3A%2F%2Fdata.apps.fao.org%2Fcatalog%2Fdataset%2F5c00a4e6-0ec8-4191-a0c0-a7cd5fda3674%2Fresource%2F91b9d43c-55c4-4a2a-9b25-78f2fabba28b%2Fdownload%2Ffct-fbs-food-balances.query.sql,2026-08-28T13:34:11+00:00,8119819.0,47374260.0,2026-07-13,2026-08-28T11:25:50+00:00,flexible_2,0.17139727354052603,0.5172413793103449,0.20689655172413793,0.13111034238965086,0.12332572379462622,0.3620689655172414,0.3803245436105477,0.12721803309213853,21.0
TZA,Tanzania,2013,8867.0,1141.0,305.0,91.3841080078326,Estimated value,Estimated value,Estimated value,https://api.data.apps.fao.org/api/v2/bigquery?download=true&item_code=2905&sql_url=https%3A%2F%2Fdata.apps.fao.org%2Fcatalog%2Fdataset%2F5c00a4e6-0ec8-4191-a0c0-a7cd5fda3674%2Fresource%2F91b9d43c-55c4-4a2a-9b25-78f2fabba28b%2Fdownload%2Ffct-fbs-food-balances.query.sql,2026-08-28T13:34:11+00:00,8867188.0,48824128.0,2026-07-13,2026-08-28T11:25:50+00:00,flexible_2,0.18161487697230352,0.4827586206896552,0.20689655172413793,0.30045198995688127,0.10790577760245129,0.3448275862068966,0.36105476673427994,0.20417888377966628,22.0
TZA,Tanzania,2014,9935.0,1179.0,669.0,95.1172809956917,Estimated value,Estimated value,Estimated value,https://api.data.apps.fao.org/api/v2/bigquery?download=true&item_code=2905&sql_url=https%3A%2F%2Fdata.apps.fao.org%2Fcatalog%2Fdataset%2F5c00a4e6-0ec8-4191-a0c0-a7cd5fda3674%2Fresource%2F91b9d43c-55c4-4a2a-9b25-78f2fabba28b%2Fdownload%2Ffct-fbs-food-balances.query.sql,2026-08-28T13:34:11+00:00,10874542.0,50351512.0,2026-07-13,2026-08-28T11:25:50+00:00,flexible_2,0.2159725014811869,0.5862068965517241,0.27586206896551724,0.45061347483558684,0.13094616843483445,0.43103448275862066,0.44929006085192696,0.29077982163521066,19.0
TZA,Tanzania,2015,9012.0,1051.0,233.0,91.6785350966429,Estimated value,Estimated value,Estimated value,https://api.data.apps.fao.org/api/v2/bigquery?download=true&item_code=2905&sql_url=https%3A%2F%2Fdata.apps.fao.org%2Fcatalog%2Fdataset%2F5c00a4e6-0ec8-4191-a0c0-a7cd5fda3674%2Fresource%2F91b9d43c-55c4-4a2a-9b25-78f2fabba28b%2Fdownload%2Ffct-fbs-food-balances.query.sql,2026-08-28T13:34:11+00:00,10054817.52,52020962.0,2026-07-13,2026-08-28T11:25:50+00:00,flexible_2,0.19328395964688233,0.5517241379310345,0.2413793103448276,0.4066618734112609,0.11873749692732012,0.39655172413793105,0.4148073022312373,0.26269968516929054,18.0
TZA,Tanzania,2016,9595.0,914.0,126.0,92.410671289608,Estimated value,Estimated value,Estimated value,https://api.data.apps.fao.org/api/v2/bigquery?download=true&item_code=2905&sql_url=https%3A%2F%2Fdata.apps.fao.org%2Fcatalog%2Fdataset%2F5c00a4e6-0ec8-4191-a0c0-a7cd5fda3674%2Fresource%2F91b9d43c-55c4-4a2a-9b25-78f2fabba28b%2Fdownload%2Ffct-fbs-food-balances.query.sql,2026-08-28T13:34:11+00:00,10797277.27,53824013.0,2026-07-13,2026-08-28T11:25:50+00:00,flexible_2,0.2006033491036798,0.6206896551724138,0.27586206896551724,0.24218062764795523,0.10652356439846615,0.4482758620689655,0.46855983772819476,0.1743520960232107,18.0
TZA,Tanzania,2017,10333.0,823.0,78.0,93.2749593789493,Estimated value,Estimated value,Estimated value,https://api.data.apps.fao.org/api/v2/bigquery?download=true&item_code=2905&sql_url=https%3A%2F%2Fdata.apps.fao.org%2Fcatalog%2Fdataset%2F5c00a4e6-0ec8-4191-a0c0-a7cd5fda3674%2Fresource%2F91b9d43c-55c4-4a2a-9b25-78f2fabba28b%2Fdownload%2Ffct-fbs-food-balances.query.sql,2026-08-28T13:34:11+00:00,10346519.01,55652890.0,2026-07-13,2026-08-28T11:25:50+00:00,flexible_2,0.18591162130124778,0.6206896551724138,0.20689655172413793,0.34540219659812166,0.08660139954649157,0.41379310344827586,0.43813387423935096,0.21600179807230663,19.0
TZA,Tanzania,2018,10822.0,154.0,309.0,101.453079591263,Estimated value,Estimated value,Estimated value,https://api.data.apps.fao.org/api/v2/bigquery?download=true&item_code=2905&sql_url=https%3A%2F%2Fdata.apps.fao.org%2Fcatalog%2Fdataset%2F5c00a4e6-0ec8-4191-a0c0-a7cd5fda3674%2Fresource%2F91b9d43c-55c4-4a2a-9b25-78f2fabba28b%2Fdownload%2Ffct-fbs-food-balances.query.sql,2026-08-28T13:34:11+00:00,10831072.34,57437145.0,2026-07-13,2026-08-28T11:25:50+00:00,flexible_2,0.18857260993734978,0.6896551724137931,0.2413793103448276,0.37785800047050483,0.09555999325827368,0.4655172413793104,0.49188640973630837,0.23670899686438926,15.5
TZA,Tanzania,2019,10405.0,1075.0,382.0,93.7556316453415,Estimated value,Estimated value,Estimated value,https://api.data.apps.fao.org/api/v2/bigquery?download=true&item_code=2905&sql_url=https%3A%2F%2Fdata.apps.fao.org%2Fcatalog%2Fdataset%2F5c00a4e6-0ec8-4191-a0c0-a7cd5fda3674%2Fresource%2F91b9d43c-55c4-4a2a-9b25-78f2fabba28b%2Fdownload%2Ffct-fbs-food-balances.query.sql,2026-08-28T13:34:11+00:00,10408437.72,59174891.0,2026-07-13,2026-08-28T11:25:50+00:00,flexible_2,0.17589280764370147,0.6551724137931034,0.20689655172413793,0.29561084400572457,0.07517903219307487,0.43103448275862066,0.45740365111561865,0.18539493809939972,17.5
TZA,Tanzania,2020,11301.0,891.0,691.0,98.2610207808017,Estimated value,Estimated value,Estimated value,https://api.data.apps.fao.org/api/v2/bigquery?download=true&item_code=2905&sql_url=https%3A%2F%2Fdata.apps.fao.org%2Fcatalog%2Fdataset%2F5c00a4e6-0ec8-4191-a0c0-a7cd5fda3674%2Fresource%2F91b9d43c-55c4-4a2a-9b25-78f2fabba28b%2Fdownload%2Ffct-fbs-food-balances.query.sql,2026-08-28T13:34:11+00:00,12488723.31,60972798.0,2026-07-13,2026-08-28T11:25:50+00:00,flexible_2,0.20482450731554094,0.6551724137931034,0.2413793103448276,0.3359502996399287,0.09172500368628493,0.4482758620689655,0.4726166328600405,0.2138376516631068,17.5
TZA,Tanzania,2021,12670.0,868.0,1562.0,105.794923179693,Estimated value,Estimated value,Estimated value,https://api.data.apps.fao.org/api/v2/bigquery?download=true&item_code=2905&sql_url=https%3A%2F%2Fdata.apps.fao.org%2Fcatalog%2Fdataset%2F5c00a4e6-0ec8-4191-a0c0-a7cd5fda3674%2Fresource%2F91b9d43c-55c4-4a2a-9b25-78f2fabba28b%2Fdownload%2Ffct-fbs-food-balances.query.sql,2026-08-28T13:34:11+00:00,12390737.72,62830412.0,2026-07-13,2026-08-28T11:25:50+00:00,flexible_2,0.19720923873617127,0.6896551724137931,0.20689655172413793,0.36269656806716527,0.07920249487632547,0.4482758620689655,0.47667342799188644,0.22094953147174537,18.0
TZA,Tanzania,2022,11934.0,1310.0,1173.0,98.8650484632591,Estimated value,Estimated value,Estimated value,https://api.data.apps.fao.org/api/v2/bigquery?download=true&item_code=2905&sql_url=https%3A%2F%2Fdata.apps.fao.org%2Fcatalog%2Fdataset%2F5c00a4e6-0ec8-4191-a0c0-a7cd5fda3674%2Fresource%2F91b9d43c-55c4-4a2a-9b25-78f2fabba28b%2Fdownload%2Ffct-fbs-food-balances.query.sql,2026-08-28T13:34:11+00:00,11933596.69,64711821.0,2026-07-13,2026-08-28T11:25:50+00:00,flexible_2,0.18441138737233187,0.6551724137931034,0.20689655172413793,0.327049521531242,0.08209881953395819,0.43103448275862066,0.45740365111561865,0.2045741705326001,19.0
TZA,Tanzania,2023,12789.0,2062.0,673.0,90.2031316123572,Estimated value,Estimated value,Estimated value,https://api.data.apps.fao.org/api/v2/bigquery?download=true&item_code=2905&sql_url=https%3A%2F%2Fdata.apps.fao.org%2Fcatalog%2Fdataset%2F5c00a4e6-0ec8-4191-a0c0-a7cd5fda3674%2Fresource%2F91b9d43c-55c4-4a2a-9b25-78f2fabba28b%2Fdownload%2Ffct-fbs-food-balances.query.sql,2026-08-28T13:34:11+00:00,12789232.32,66617606.0,2026-07-13,2026-08-28T11:25:50+00:00,flexible_2,0.19197976462858782,0.5517241379310345,0.20689655172413793,0.3719940780539241,0.10899482998263642,0.3793103448275862,0.3995943204868154,0.24049445401828026,19.0
USA,United States,2010,401994.0,12826.0,93049.0,124.931706089113,Estimated value,Estimated value,Estimated value,https://api.data.apps.fao.org/api/v2/bigquery?download=true&item_code=2905&sql_url=https%3A%2F%2Fdata.apps.fao.org%2Fcatalog%2Fdataset%2F5c00a4e6-0ec8-4191-a0c0-a7cd5fda3674%2Fresource%2F91b9d43c-55c4-4a2a-9b25-78f2fabba28b%2Fdownload%2Ffct-fbs-food-balances.query.sql,2026-08-28T13:34:11+00:00,401126329.74,309378227.0,2026-07-13,2026-08-28T11:25:50+00:00,category_1,1.296556430714822,0.8620689655172413,1.0,0.367600706418497,1.0,0.9310344827586207,0.922920892494929,0.6838003532092485,3.0
USA,United States,2011,387217.0,12760.0,91727.0,125.617842660178,Estimated value,Estimated value,Estimated value,https://api.data.apps.fao.org/api/v2/bigquery?download=true&item_code=2905&sql_url=https%3A%2F%2Fdata.apps.fao.org%2Fcatalog%2Fdataset%2F5c00a4e6-0ec8-4191-a0c0-a7cd5fda3674%2Fresource%2F91b9d43c-55c4-4a2a-9b25-78f2fabba28b%2Fdownload%2Ffct-fbs-food-balances.query.sql,2026-08-28T13:34:11+00:00,385545255.77,311839461.0,2026-07-13,2026-08-28T11:25:50+00:00,category_1,1.2363581393247727,0.8620689655172413,1.0,0.42569081913136353,1.0,0.9310344827586207,0.922920892494929,0.7128454095656818,3.0
USA,United States,2012,357173.0,15225.0,69239.0,117.817053097549,Estimated value,Estimated value,Estimated value,https://api.data.apps.fao.org/api/v2/bigquery?download=true&item_code=2905&sql_url=https%3A%2F%2Fdata.apps.fao.org%2Fcatalog%2Fdataset%2F5c00a4e6-0ec8-4191-a0c0-a7cd5fda3674%2Fresource%2F91b9d43c-55c4-4a2a-9b25-78f2fabba28b%2Fdownload%2Ffct-fbs-food-balances.query.sql,2026-08-28T13:34:11+00:00,356210124.0,314339099.0,2026-07-13,2026-08-28T11:25:50+00:00,category_1,1.1332033626526365,0.7931034482758621,1.0,0.185637411664491,1.0,0.896551724137931,0.8843813387423936,0.5928187058322455,3.0
USA,United States,2013,436744.0,17808.0,69705.0,113.485099273218,Estimated value,Estimated value,Estimated value,https://api.data.apps.fao.org/api/v2/bigquery?download=true&item_code=2905&sql_url=https%3A%2F%2Fdata.apps.fao.org%2Fcatalog%2Fdataset%2F5c00a4e6-0ec8-4191-a0c0-a7cd5fda3674%2Fresource%2F91b9d43c-55c4-4a2a-9b25-78f2fabba28b%2Fdownload%2Ffct-fbs-food-balances.query.sql,2026-08-28T13:34:11+00:00,434308450.0,316726282.0,2026-07-13,2026-08-28T11:25:50+00:00,category_1,1.3712422198041652,0.7586206896551724,1.0,0.4015322740884318,1.0,0.8793103448275862,0.8651115618661258,0.7007661370442159,5.0
USA,United States,2014,443128.0,16587.0,92338.0,120.619418199833,Estimated value,Estimated value,Estimated value,https://api.data.apps.fao.org/api/v2/bigquery?download=true&item_code=2905&sql_url=https%3A%2F%2Fdata.apps.fao.org%2Fcatalog%2Fdataset%2F5c00a4e6-0ec8-4191-a0c0-a7cd5fda3674%2Fresource%2F91b9d43c-55c4-4a2a-9b25-78f2fabba28b%2Fdownload%2Ffct-fbs-food-balances.query.sql,2026-08-28T13:34:11+00:00,442849090.0,319257560.0,2026-07-13,2026-08-28T11:25:50+00:00,category_1,1.387121701988827,0.8620689655172413,1.0,0.6031721223854669,1.0,0.9310344827586207,0.922920892494929,0.8015860611927335,3.0
USA,United States,2015,432108.0,16619.0,85918.0,119.100683830886,Estimated value,Estimated value,Estimated value,https://api.data.apps.fao.org/api/v2/bigquery?download=true&item_code=2905&sql_url=https%3A%2F%2Fdata.apps.fao.org%2Fcatalog%2Fdataset%2F5c00a4e6-0ec8-4191-a0c0-a7cd5fda3674%2Fresource%2F91b9d43c-55c4-4a2a-9b25-78f2fabba28b%2Fdownload%2Ffct-fbs-food-balances.query.sql,2026-08-28T13:34:11+00:00,431870370.62,321815121.0,2026-07-13,2026-08-28T11:25:50+00:00,category_1,1.341982841819294,0.7931034482758621,1.0,0.576632487875426,1.0,0.896551724137931,0.8843813387423936,0.7883162439377129,4.0
USA,United States,2016,503705.0,16617.0,96976.0,118.981872983328,Estimated value,Estimated value,Estimated value,https://api.data.apps.fao.org/api/v2/bigquery?download=true&item_code=2905&sql_url=https%3A%2F%2Fdata.apps.fao.org%2Fcatalog%2Fdataset%2F5c00a4e6-0ec8-4191-a0c0-a7cd5fda3674%2Fresource%2F91b9d43c-55c4-4a2a-9b25-78f2fabba28b%2Fdownload%2Ffct-fbs-food-balances.query.sql,2026-08-28T13:34:11+00:00,503466147.24,324353340.0,2026-07-13,2026-08-28T11:25:50+00:00,category_1,1.5522150850674146,0.8620689655172413,0.9655172413793104,0.3393341418602455,0.9987150218326978,0.9137931034482758,0.907707910750507,0.6690245818464716,3.5
USA,United States,2017,440540.0,17826.0,96142.0,121.620875480366,Estimated value,Estimated value,Estimated value,https://api.data.apps.fao.org/api/v2/bigquery?download=true&item_code=2905&sql_url=https%3A%2F%2Fdata.apps.fao.org%2Fcatalog%2Fdataset%2F5c00a4e6-0ec8-4191-a0c0-a7cd5fda3674%2Fresource%2F91b9d43c-55c4-4a2a-9b25-78f2fabba28b%2Fdownload%2Ffct-fbs-food-balances.query.sql,2026-08-28T13:34:11+00:00,440271775.02,326608609.0,2026-07-13,2026-08-28T11:25:50+00:00,category_1,1.3480103184297876,0.8620689655172413,0.9655172413793104,0.48997718833364645,0.7750363063411722,0.9137931034482758,0.907707910750507,0.6325067473374093,3.0
USA,United States,2018,439968.0,18050.0,105754.0,124.897236163786,Estimated value,Estimated value,Estimated value,https://api.data.apps.fao.org/api/v2/bigquery?download=true&item_code=2905&sql_url=https%3A%2F%2Fdata.apps.fao.org%2Fcatalog%2Fdataset%2F5c00a4e6-0ec8-4191-a0c0-a7cd5fda3674%2Fresource%2F91b9d43c-55c4-4a2a-9b25-78f2fabba28b%2Fdownload%2Ffct-fbs-food-balances.query.sql,2026-08-28T13:34:11+00:00,439710828.46,328529577.0,2026-07-13,2026-08-28T11:25:50+00:00,category_1,1.3384208279670355,0.8620689655172413,0.9655172413793104,0.49404540576546824,0.8313779344188628,0.9137931034482758,0.907707910750507,0.6627116700921655,4.0
USA,United States,2019,421129.0,17674.0,81137.0,117.743649102794,Estimated value,Estimated value,Estimated value,https://api.data.apps.fao.org/api/v2/bigquery?download=true&item_code=2905&sql_url=https%3A%2F%2Fdata.apps.fao.org%2Fcatalog%2Fdataset%2F5c00a4e6-0ec8-4191-a0c0-a7cd5fda3674%2Fresource%2F91b9d43c-55c4-4a2a-9b25-78f2fabba28b%2Fdownload%2Ffct-fbs-food-balances.query.sql,2026-08-28T13:34:11+00:00,420873692.84,330226227.0,2026-07-13,2026-08-28T11:25:50+00:00,category_1,1.2745011099315258,0.7931034482758621,0.9655172413793104,0.39678123727345554,0.6762261934962068,0.8793103448275863,0.8691683569979716,0.5365037153848312,4.0
USA,United States,2020,433536.0,18473.0,93825.0,121.037232260514,Estimated value,Estimated value,Estimated value,https://api.data.apps.fao.org/api/v2/bigquery?download=true&item_code=2905&sql_url=https%3A%2F%2Fdata.apps.fao.org%2Fcatalog%2Fdataset%2F5c00a4e6-0ec8-4191-a0c0-a7cd5fda3674%2Fresource%2F91b9d43c-55c4-4a2a-9b25-78f2fabba28b%2Fdownload%2Ffct-fbs-food-balances.query.sql,2026-08-28T13:34:11+00:00,433259869.82,331578104.0,2026-07-13,2026-08-28T11:25:50+00:00,category_1,1.306660073730321,0.8620689655172413,0.9655172413793104,0.4363440861764236,0.7003185301915454,0.9137931034482758,0.907707910750507,0.5683313081839845,4.0
USA,United States,2021,451887.0,18429.0,110250.0,125.501158121011,Estimated value,Estimated value,Estimated value,https://api.data.apps.fao.org/api/v2/bigquery?download=true&item_code=2905&sql_url=https%3A%2F%2Fdata.apps.fao.org%2Fcatalog%2Fdataset%2F5c00a4e6-0ec8-4191-a0c0-a7cd5fda3674%2Fresource%2F91b9d43c-55c4-4a2a-9b25-78f2fabba28b%2Fdownload%2Ffct-fbs-food-balances.query.sql,2026-08-28T13:34:11+00:00,450200713.33,332100166.0,2026-07-13,2026-08-28T11:25:50+00:00,category_1,1.3556172487128477,0.896551724137931,0.9655172413793104,0.4489313759773747,0.6596901156468695,0.9310344827586208,0.9269776876267749,0.5543107458121221,3.0
USA,United States,2022,409161.0,20329.0,93904.0,121.92433534176,Estimated value,Estimated value,Estimated value,https://api.data.apps.fao.org/api/v2/bigquery?download=true&item_code=2905&sql_url=https%3A%2F%2Fdata.apps.fao.org%2Fcatalog%2Fdataset%2F5c00a4e6-0ec8-4191-a0c0-a7cd5fda3674%2Fresource%2F91b9d43c-55c4-4a2a-9b25-78f2fabba28b%2Fdownload%2Ffct-fbs-food-balances.query.sql,2026-08-28T13:34:11+00:00,408899960.3,333996304.0,2026-07-13,2026-08-28T11:25:50+00:00,category_1,1.2242649256981,0.8620689655172413,0.9655172413793104,0.4251164922544227,0.6708426677105779,0.9137931034482758,0.907707910750507,0.5479795799825002,3.0
USA,United States,2023,462915.0,21914.0,76750.0,113.437594191321,Estimated value,Estimated value,Estimated value,https://api.data.apps.fao.org/api/v2/bigquery?download=true&item_code=2905&sql_url=https%3A%2F%2Fdata.apps.fao.org%2Fcatalog%2Fdataset%2F5c00a4e6-0ec8-4191-a0c0-a7cd5fda3674%2Fresource%2F91b9d43c-55c4-4a2a-9b25-78f2fabba28b%2Fdownload%2Ffct-fbs-food-balances.query.sql,2026-08-28T13:34:11+00:00,462631157.55,336755052.0,2026-07-13,2026-08-28T11:25:50+00:00,category_1,1.3737912907391217,0.8275862068965517,0.9655172413793104,0.49879441379550865,0.9552832233016507,0.896551724137931,0.8884381338742393,0.7270388185485797,4.5
VNM,Viet Nam,2010,44637.0,5516.0,11425.0,115.257694691179,Estimated value,Estimated value,Estimated value,https://api.data.apps.fao.org/api/v2/bigquery?download=true&item_code=2905&sql_url=https%3A%2F%2Fdata.apps.fao.org%2Fcatalog%2Fdataset%2F5c00a4e6-0ec8-4191-a0c0-a7cd5fda3674%2Fresource%2F91b9d43c-55c4-4a2a-9b25-78f2fabba28b%2Fdownload%2Ffct-fbs-food-balances.query.sql,2026-08-28T13:34:11+00:00,44613831.2,87455152.0,2026-07-13,2026-08-28T11:25:50+00:00,flexible_2,0.5101338249346362,0.7931034482758621,0.7931034482758621,0.33130851433338926,0.37524115202110936,0.7931034482758621,0.7931034482758621,0.3532748331772493,6.5
VNM,Viet Nam,2011,47259.0,4625.0,12194.0,119.07029478458,Estimated value,Estimated value,Estimated value,https://api.data.apps.fao.org/api/v2/bigquery?download=true&item_code=2905&sql_url=https%3A%2F%2Fdata.apps.fao.org%2Fcatalog%2Fdataset%2F5c00a4e6-0ec8-4191-a0c0-a7cd5fda3674%2Fresource%2F91b9d43c-55c4-4a2a-9b25-78f2fabba28b%2Fdownload%2Ffct-fbs-food-balances.query.sql,2026-08-28T13:34:11+00:00,47235597.59,88468314.0,2026-07-13,2026-08-28T11:25:50+00:00,flexible_2,0.5339267298572007,0.7931034482758621,0.7931034482758621,0.397558056324464,0.41408498145367817,0.7931034482758621,0.7931034482758621,0.4058215188890711,6.0
VNM,Viet Nam,2012,48740.0,5084.0,13336.0,120.381347559771,Estimated value,Estimated value,Estimated value,https://api.data.apps.fao.org/api/v2/bigquery?download=true&item_code=2905&sql_url=https%3A%2F%2Fdata.apps.fao.org%2Fcatalog%2Fdataset%2F5c00a4e6-0ec8-4191-a0c0-a7cd5fda3674%2Fresource%2F91b9d43c-55c4-4a2a-9b25-78f2fabba28b%2Fdownload%2Ffct-fbs-food-balances.query.sql,2026-08-28T13:34:11+00:00,48712657.95,89510356.0,2026-07-13,2026-08-28T11:25:50+00:00,flexible_2,0.5442125372621689,0.8620689655172413,0.7931034482758621,0.1907322372938895,0.4631421953073053,0.8275862068965517,0.8316430020283976,0.3269372163005974,6.0
VNM,Viet Nam,2013,49257.0,5038.0,11227.0,114.370298133185,Estimated value,Estimated value,Estimated value,https://api.data.apps.fao.org/api/v2/bigquery?download=true&item_code=2905&sql_url=https%3A%2F%2Fdata.apps.fao.org%2Fcatalog%2Fdataset%2F5c00a4e6-0ec8-4191-a0c0-a7cd5fda3674%2Fresource%2F91b9d43c-55c4-4a2a-9b25-78f2fabba28b%2Fdownload%2Ffct-fbs-food-balances.query.sql,2026-08-28T13:34:11+00:00,49231389.27,90573104.0,2026-07-13,2026-08-28T11:25:50+00:00,flexible_2,0.5435541799472833,0.7931034482758621,0.7586206896551724,0.4055807871711245,0.37932183321694535,0.7758620689655172,0.7778904665314401,0.3924513101940349,7.0
VNM,Viet Nam,2014,50213.0,8952.0,10406.0,102.982013576981,Estimated value,Estimated value,Estimated value,https://api.data.apps.fao.org/api/v2/bigquery?download=true&item_code=2905&sql_url=https%3A%2F%2Fdata.apps.fao.org%2Fcatalog%2Fdataset%2F5c00a4e6-0ec8-4191-a0c0-a7cd5fda3674%2Fresource%2F91b9d43c-55c4-4a2a-9b25-78f2fabba28b%2Fdownload%2Ffct-fbs-food-balances.query.sql,2026-08-28T13:34:11+00:00,50178378.0,91679578.0,2026-07-13,2026-08-28T11:25:50+00:00,flexible_2,0.5473233962747952,0.6551724137931034,0.7931034482758621,0.49766180479861954,0.3768258262855276,0.7241379310344828,0.7160243407707911,0.4372438155420736,9.0
VNM,Viet Nam,2015,50433.0,12512.0,10948.0,96.9921341615862,Estimated value,Estimated value,Estimated value,https://api.data.apps.fao.org/api/v2/bigquery?download=true&item_code=2905&sql_url=https%3A%2F%2Fdata.apps.fao.org%2Fcatalog%2Fdataset%2F5c00a4e6-0ec8-4191-a0c0-a7cd5fda3674%2Fresource%2F91b9d43c-55c4-4a2a-9b25-78f2fabba28b%2Fdownload%2Ffct-fbs-food-balances.query.sql,2026-08-28T13:34:11+00:00,50379409.69,92823254.0,2026-07-13,2026-08-28T11:25:50+00:00,flexible_2,0.5427455677216401,0.6551724137931034,0.7931034482758621,0.43959713704932946,0.3868385774100825,0.7241379310344828,0.7160243407707911,0.41321785722970594,9.0
VNM,Viet Nam,2016,48450.0,17099.0,8120.0,84.365042051925,Estimated value,Estimated value,Estimated value,https://api.data.apps.fao.org/api/v2/bigquery?download=true&item_code=2905&sql_url=https%3A%2F%2Fdata.apps.fao.org%2Fcatalog%2Fdataset%2F5c00a4e6-0ec8-4191-a0c0-a7cd5fda3674%2Fresource%2F91b9d43c-55c4-4a2a-9b25-78f2fabba28b%2Fdownload%2Ffct-fbs-food-balances.query.sql,2026-08-28T13:34:11+00:00,48359869.77,94000117.0,2026-07-13,2026-08-28T11:25:50+00:00,flexible_2,0.5144660593347985,0.41379310344827586,0.7586206896551724,0.2127630211919101,0.3137026095520613,0.5862068965517241,0.5659229208924949,0.26323281537198573,11.5
VNM,Viet Nam,2017,47995.0,14609.0,9758.0,90.8204972940242,Estimated value,Estimated value,Estimated value,https://api.data.apps.fao.org/api/v2/bigquery?download=true&item_code=2905&sql_url=https%3A%2F%2Fdata.apps.fao.org%2Fcatalog%2Fdataset%2F5c00a4e6-0ec8-4191-a0c0-a7cd5fda3674%2Fresource%2F91b9d43c-55c4-4a2a-9b25-78f2fabba28b%2Fdownload%2Ffct-fbs-food-balances.query.sql,2026-08-28T13:34:11+00:00,47877218.26,95176977.0,2026-07-13,2026-08-28T11:25:50+00:00,flexible_2,0.5030336092729653,0.5517241379310345,0.7241379310344828,0.33288350309837367,0.2744665497022404,0.6379310344827587,0.627789046653144,0.303675026400307,10.0
VNM,Viet Nam,2018,49005.0,15782.0,8383.0,86.8821360187221,Estimated value,Estimated value,Estimated value,https://api.data.apps.fao.org/api/v2/bigquery?download=true&item_code=2905&sql_url=https%3A%2F%2Fdata.apps.fao.org%2Fcatalog%2Fdataset%2F5c00a4e6-0ec8-4191-a0c0-a7cd5fda3674%2Fresource%2F91b9d43c-55c4-4a2a-9b25-78f2fabba28b%2Fdownload%2Ffct-fbs-food-balances.query.sql,2026-08-28T13:34:11+00:00,48923673.32,96237319.0,2026-07-13,2026-08-28T11:25:50+00:00,flexible_2,0.5083648820266907,0.5172413793103449,0.7931034482758621,0.30564554440897884,0.3002034301555867,0.6551724137931034,0.6389452332657202,0.3029244872822828,10.0
VNM,Viet Nam,2019,48351.0,17212.0,9414.0,86.1119521273754,Estimated value,Estimated value,Estimated value,https://api.data.apps.fao.org/api/v2/bigquery?download=true&item_code=2905&sql_url=https%3A%2F%2Fdata.apps.fao.org%2Fcatalog%2Fdataset%2F5c00a4e6-0ec8-4191-a0c0-a7cd5fda3674%2Fresource%2F91b9d43c-55c4-4a2a-9b25-78f2fabba28b%2Fdownload%2Ffct-fbs-food-balances.query.sql,2026-08-28T13:34:11+00:00,48231531.65,97173776.0,2026-07-13,2026-08-28T11:25:50+00:00,flexible_2,0.49634308385834464,0.5172413793103449,0.7586206896551724,0.26337332941258423,0.25049695802389116,0.6379310344827587,0.6237322515212982,0.25693514371823767,10.0
VNM,Viet Nam,2020,47447.0,18846.0,10078.0,84.4027394823446,Estimated value,Estimated value,Estimated value,https://api.data.apps.fao.org/api/v2/bigquery?download=true&item_code=2905&sql_url=https%3A%2F%2Fdata.apps.fao.org%2Fcatalog%2Fdataset%2F5c00a4e6-0ec8-4191-a0c0-a7cd5fda3674%2Fresource%2F91b9d43c-55c4-4a2a-9b25-78f2fabba28b%2Fdownload%2Ffct-fbs-food-balances.query.sql,2026-08-28T13:34:11+00:00,47325157.08,98079191.0,2026-07-13,2026-08-28T11:25:50+00:00,flexible_2,0.4825198556134094,0.4482758620689655,0.7241379310344828,0.2748652796101807,0.24510868131126903,0.5862068965517242,0.5699797160243407,0.2599869804607249,10.0
VNM,Viet Nam,2021,48394.0,19406.0,10188.0,83.9998611400403,Estimated value,Estimated value,Estimated value,https://api.data.apps.fao.org/api/v2/bigquery?download=true&item_code=2905&sql_url=https%3A%2F%2Fdata.apps.fao.org%2Fcatalog%2Fdataset%2F5c00a4e6-0ec8-4191-a0c0-a7cd5fda3674%2Fresource%2F91b9d43c-55c4-4a2a-9b25-78f2fabba28b%2Fdownload%2Ffct-fbs-food-balances.query.sql,2026-08-28T13:34:11+00:00,48301162.59,98935098.0,2026-07-13,2026-08-28T11:25:50+00:00,flexible_2,0.4882105902396741,0.4827586206896552,0.7241379310344828,0.26732101845165646,0.22502562517277624,0.603448275862069,0.5892494929006085,0.24617332181221635,11.0
VNM,Viet Nam,2022,47176.0,18591.0,9772.0,84.2503794981695,Estimated value,Estimated value,Estimated value,https://api.data.apps.fao.org/api/v2/bigquery?download=true&item_code=2905&sql_url=https%3A%2F%2Fdata.apps.fao.org%2Fcatalog%2Fdataset%2F5c00a4e6-0ec8-4191-a0c0-a7cd5fda3674%2Fresource%2F91b9d43c-55c4-4a2a-9b25-78f2fabba28b%2Fdownload%2Ffct-fbs-food-balances.query.sql,2026-08-28T13:34:11+00:00,47085607.1,99680655.0,2026-07-13,2026-08-28T11:25:50+00:00,flexible_2,0.4723645435516049,0.4482758620689655,0.7241379310344828,0.26489598135109593,0.24513201893677386,0.5862068965517242,0.5699797160243407,0.2550140001439349,11.0
VNM,Viet Nam,2023,48029.0,21089.0,11998.0,84.0843837535014,Estimated value,Estimated value,Estimated value,https://api.data.apps.fao.org/api/v2/bigquery?download=true&item_code=2905&sql_url=https%3A%2F%2Fdata.apps.fao.org%2Fcatalog%2Fdataset%2F5c00a4e6-0ec8-4191-a0c0-a7cd5fda3674%2Fresource%2F91b9d43c-55c4-4a2a-9b25-78f2fabba28b%2Fdownload%2Ffct-fbs-food-balances.query.sql,2026-08-28T13:34:11+00:00,47935652.71,100352192.0,2026-07-13,2026-08-28T11:25:50+00:00,flexible_2,0.4776741967928314,0.4482758620689655,0.6896551724137931,0.33860147083590864,0.3135789592068528,0.5689655172413793,0.554766734279919,0.3260902150213807,12.0
ZAF,South Africa,2010,14789.0,3185.0,1669.0,90.7022385771236,Estimated value,Estimated value,Estimated value,https://api.data.apps.fao.org/api/v2/bigquery?download=true&item_code=2905&sql_url=https%3A%2F%2Fdata.apps.fao.org%2Fcatalog%2Fdataset%2F5c00a4e6-0ec8-4191-a0c0-a7cd5fda3674%2Fresource%2F91b9d43c-55c4-4a2a-9b25-78f2fabba28b%2Fdownload%2Ffct-fbs-food-balances.query.sql,2026-08-28T13:34:11+00:00,14700930.93,52344051.0,2026-07-13,2026-08-28T11:25:50+00:00,flexible_2,0.28085199080216394,0.4827586206896552,0.4482758620689655,0.23918836961048223,0.193092452960023,0.4655172413793104,0.46754563894523327,0.21614041128525263,17.0
ZAF,South Africa,2011,13027.0,4508.0,2991.0,89.5695819581958,Estimated value,Estimated value,Estimated value,https://api.data.apps.fao.org/api/v2/bigquery?download=true&item_code=2905&sql_url=https%3A%2F%2Fdata.apps.fao.org%2Fcatalog%2Fdataset%2F5c00a4e6-0ec8-4191-a0c0-a7cd5fda3674%2Fresource%2F91b9d43c-55c4-4a2a-9b25-78f2fabba28b%2Fdownload%2Ffct-fbs-food-balances.query.sql,2026-08-28T13:34:11+00:00,12928365.21,52995205.0,2026-07-13,2026-08-28T11:25:50+00:00,flexible_2,0.2439534899430996,0.5172413793103449,0.4482758620689655,0.2708027316826684,0.17221129250376646,0.4827586206896552,0.486815415821501,0.22150701209321744,16.0
ZAF,South Africa,2012,14682.0,5496.0,1487.0,78.5511743619924,Estimated value,Estimated value,Estimated value,https://api.data.apps.fao.org/api/v2/bigquery?download=true&item_code=2905&sql_url=https%3A%2F%2Fdata.apps.fao.org%2Fcatalog%2Fdataset%2F5c00a4e6-0ec8-4191-a0c0-a7cd5fda3674%2Fresource%2F91b9d43c-55c4-4a2a-9b25-78f2fabba28b%2Fdownload%2Ffct-fbs-food-balances.query.sql,2026-08-28T13:34:11+00:00,14556167.9,53782567.0,2026-07-13,2026-08-28T11:25:50+00:00,flexible_2,0.2706484407856546,0.3448275862068966,0.4482758620689655,0.10762265622590557,0.21379192710956424,0.39655172413793105,0.3904665314401623,0.1607072916677349,18.5
ZAF,South Africa,2013,14277.0,5076.0,3868.0,92.1989021633839,Estimated value,Estimated value,Estimated value,https://api.data.apps.fao.org/api/v2/bigquery?download=true&item_code=2905&sql_url=https%3A%2F%2Fdata.apps.fao.org%2Fcatalog%2Fdataset%2F5c00a4e6-0ec8-4191-a0c0-a7cd5fda3674%2Fresource%2F91b9d43c-55c4-4a2a-9b25-78f2fabba28b%2Fdownload%2Ffct-fbs-food-balances.query.sql,2026-08-28T13:34:11+00:00,14154567.74,54678791.0,2026-07-13,2026-08-28T11:25:50+00:00,flexible_2,0.25886760627168953,0.5172413793103449,0.4482758620689655,0.3041785026622568,0.16583712382417695,0.4827586206896552,0.486815415821501,0.2350078132432169,16.0
ZAF,South Africa,2014,16727.0,5116.0,3427.0,90.8286272806255,Estimated value,Estimated value,Estimated value,https://api.data.apps.fao.org/api/v2/bigquery?download=true&item_code=2905&sql_url=https%3A%2F%2Fdata.apps.fao.org%2Fcatalog%2Fdataset%2F5c00a4e6-0ec8-4191-a0c0-a7cd5fda3674%2Fresource%2F91b9d43c-55c4-4a2a-9b25-78f2fabba28b%2Fdownload%2Ffct-fbs-food-balances.query.sql,2026-08-28T13:34:11+00:00,16617348.61,55594838.0,2026-07-13,2026-08-28T11:25:50+00:00,flexible_2,0.2989009269169918,0.4827586206896552,0.4482758620689655,0.42495793054363545,0.19248338832057887,0.4655172413793104,0.46754563894523327,0.30872065943210714,16.5
ZAF,South Africa,2015,12011.0,4312.0,1901.0,83.2824850922202,Estimated value,Estimated value,Estimated value,https://api.data.apps.fao.org/api/v2/bigquery?download=true&item_code=2905&sql_url=https%3A%2F%2Fdata.apps.fao.org%2Fcatalog%2Fdataset%2F5c00a4e6-0ec8-4191-a0c0-a7cd5fda3674%2Fresource%2F91b9d43c-55c4-4a2a-9b25-78f2fabba28b%2Fdownload%2Ffct-fbs-food-balances.query.sql,2026-08-28T13:34:11+00:00,12581802.08,56723537.0,2026-07-13,2026-08-28T11:25:50+00:00,flexible_2,0.22180919500841423,0.41379310344827586,0.3448275862068966,0.35462066423564553,0.1406215787398659,0.3793103448275862,0.38336713995943206,0.24762112148775572,19.5
ZAF,South Africa,2016,10299.0,8457.0,2041.0,61.6153155848041,Estimated value,Estimated value,Estimated value,https://api.data.apps.fao.org/api/v2/bigquery?download=true&item_code=2905&sql_url=https%3A%2F%2Fdata.apps.fao.org%2Fcatalog%2Fdataset%2F5c00a4e6-0ec8-4191-a0c0-a7cd5fda3674%2Fresource%2F91b9d43c-55c4-4a2a-9b25-78f2fabba28b%2Fdownload%2Ffct-fbs-food-balances.query.sql,2026-08-28T13:34:11+00:00,10629626.27,57259551.0,2026-07-13,2026-08-28T11:25:50+00:00,flexible_2,0.18563935770296208,0.1724137931034483,0.20689655172413793,0.12958214367173665,0.09664591614963658,0.1896551724137931,0.1876267748478702,0.11311402991068661,25.5
ZAF,South Africa,2017,18965.0,5942.0,3145.0,87.1473210182888,Estimated value,Estimated value,Estimated value,https://api.data.apps.fao.org/api/v2/bigquery?download=true&item_code=2905&sql_url=https%3A%2F%2Fdata.apps.fao.org%2Fcatalog%2Fdataset%2F5c00a4e6-0ec8-4191-a0c0-a7cd5fda3674%2Fresource%2F91b9d43c-55c4-4a2a-9b25-78f2fabba28b%2Fdownload%2Ffct-fbs-food-balances.query.sql,2026-08-28T13:34:11+00:00,19591509.64,57635162.0,2026-07-13,2026-08-28T11:25:50+00:00,flexible_2,0.339922869306761,0.4827586206896552,0.5517241379310345,0.3141489020430552,0.17783867519957697,0.5172413793103449,0.513184584178499,0.24599378862131607,12.5
ZAF,South Africa,2018,15079.0,5881.0,3325.0,85.506095832152,Estimated value,Estimated value,Estimated value,https://api.data.apps.fao.org/api/v2/bigquery?download=true&item_code=2905&sql_url=https%3A%2F%2Fdata.apps.fao.org%2Fcatalog%2Fdataset%2F5c00a4e6-0ec8-4191-a0c0-a7cd5fda3674%2Fresource%2F91b9d43c-55c4-4a2a-9b25-78f2fabba28b%2Fdownload%2Ffct-fbs-food-balances.query.sql,2026-08-28T13:34:11+00:00,15565749.67,58613001.0,2026-07-13,2026-08-28T11:25:50+00:00,flexible_2,0.26556820849353885,0.4827586206896552,0.41379310344827586,0.29882599692964845,0.14483149006949855,0.4482758620689655,0.4523326572008114,0.2218287434995735,19.0
ZAF,South Africa,2019,13437.0,5994.0,2332.0,78.5835428972455,Estimated value,Estimated value,Estimated value,https://api.data.apps.fao.org/api/v2/bigquery?download=true&item_code=2905&sql_url=https%3A%2F%2Fdata.apps.fao.org%2Fcatalog%2Fdataset%2F5c00a4e6-0ec8-4191-a0c0-a7cd5fda3674%2Fresource%2F91b9d43c-55c4-4a2a-9b25-78f2fabba28b%2Fdownload%2Ffct-fbs-food-balances.query.sql,2026-08-28T13:34:11+00:00,13872311.88,59587885.0,2026-07-13,2026-08-28T11:25:50+00:00,flexible_2,0.2328042332766132,0.3793103448275862,0.3103448275862069,0.23162197172562238,0.10631519851472183,0.3448275862068966,0.3488843813387424,0.1689685851201721,21.0
ZAF,South Africa,2020,18906.0,5387.0,4154.0,93.8775510204082,Estimated value,Estimated value,Estimated value,https://api.data.apps.fao.org/api/v2/bigquery?download=true&item_code=2905&sql_url=https%3A%2F%2Fdata.apps.fao.org%2Fcatalog%2Fdataset%2F5c00a4e6-0ec8-4191-a0c0-a7cd5fda3674%2Fresource%2F91b9d43c-55c4-4a2a-9b25-78f2fabba28b%2Fdownload%2Ffct-fbs-food-balances.query.sql,2026-08-28T13:34:11+00:00,18790412.3,60562381.0,2026-07-13,2026-08-28T11:25:50+00:00,flexible_2,0.3102654154234788,0.5862068965517241,0.5862068965517241,0.31662868736011135,0.149964777441392,0.5862068965517241,0.5862068965517241,0.23329673240075166,11.0
ZAF,South Africa,2021,19967.0,5160.0,4741.0,97.9446679093496,Estimated value,Estimated value,Estimated value,https://api.data.apps.fao.org/api/v2/bigquery?download=true&item_code=2905&sql_url=https%3A%2F%2Fdata.apps.fao.org%2Fcatalog%2Fdataset%2F5c00a4e6-0ec8-4191-a0c0-a7cd5fda3674%2Fresource%2F91b9d43c-55c4-4a2a-9b25-78f2fabba28b%2Fdownload%2Ffct-fbs-food-balances.query.sql,2026-08-28T13:34:11+00:00,19232354.71,61502603.0,2026-07-13,2026-08-28T11:25:50+00:00,flexible_2,0.3127079793679627,0.6206896551724138,0.5517241379310345,0.3283437220110787,0.13707984773811432,0.5862068965517242,0.59026369168357,0.2327117848745965,12.0
ZAF,South Africa,2022,18117.0,5606.0,5493.0,99.3801426220516,Estimated value,Estimated value,Estimated value,https://api.data.apps.fao.org/api/v2/bigquery?download=true&item_code=2905&sql_url=https%3A%2F%2Fdata.apps.fao.org%2Fcatalog%2Fdataset%2F5c00a4e6-0ec8-4191-a0c0-a7cd5fda3674%2Fresource%2F91b9d43c-55c4-4a2a-9b25-78f2fabba28b%2Fdownload%2Ffct-fbs-food-balances.query.sql,2026-08-28T13:34:11+00:00,18036975.36,62378410.0,2026-07-13,2026-08-28T11:25:50+00:00,flexible_2,0.289154137785814,0.6896551724137931,0.5517241379310345,0.32924012369756833,0.14140202683594422,0.6206896551724138,0.6288032454361054,0.23532107526675627,9.0
ZAF,South Africa,2023,19117.0,5884.0,5958.0,100.388594234102,Estimated value,Estimated value,Estimated value,https://api.data.apps.fao.org/api/v2/bigquery?download=true&item_code=2905&sql_url=https%3A%2F%2Fdata.apps.fao.org%2Fcatalog%2Fdataset%2F5c00a4e6-0ec8-4191-a0c0-a7cd5fda3674%2Fresource%2F91b9d43c-55c4-4a2a-9b25-78f2fabba28b%2Fdownload%2Ffct-fbs-food-balances.query.sql,2026-08-28T13:34:11+00:00,19016530.07,63212384.0,2026-07-13,2026-08-28T11:25:50+00:00,flexible_2,0.3008355146042269,0.6896551724137931,0.5517241379310345,0.42758047587704084,0.1869458024643549,0.6206896551724138,0.6288032454361054,0.30726313917069786,9.0
